concept,vec_type,layer,coeff,num_sentences,num_trials,accuracy,correct_predictions,total_predictions,chance_level
Dust,last,0,2.0,10,50,0.1,50,500,0.1
Dust,last,0,5.0,10,50,0.1,50,500,0.1
Dust,last,0,8.0,10,50,0.1,50,500,0.1
Dust,last,0,11.0,10,50,0.1,50,500,0.1
Dust,last,0,14.0,10,50,0.1,50,500,0.1
Dust,last,0,17.0,10,50,0.1,50,500,0.1
Dust,last,0,20.0,10,50,0.1,50,500,0.1
Dust,avg,0,2.0,10,50,0.982,491,500,0.1
Dust,avg,0,5.0,10,50,0.102,51,500,0.1
Dust,avg,0,8.0,10,50,0.054,27,500,0.1
Dust,avg,0,11.0,10,50,0.016,8,500,0.1
Dust,avg,0,14.0,10,50,0.004,2,500,0.1
Dust,avg,0,17.0,10,50,0.014,7,500,0.1
Dust,avg,0,20.0,10,50,0.016,8,500,0.1
Dust,last,1,2.0,10,50,0.568,284,500,0.1
Dust,last,1,5.0,10,50,0.648,324,500,0.1
Dust,last,1,8.0,10,50,0.508,254,500,0.1
Dust,last,1,11.0,10,50,0.752,376,500,0.1
Dust,last,1,14.0,10,50,0.442,221,500,0.1
Dust,last,1,17.0,10,50,0.446,223,500,0.1
Dust,last,1,20.0,10,50,0.37,185,500,0.1
Dust,avg,1,2.0,10,50,0.664,332,500,0.1
Dust,avg,1,5.0,10,50,0.566,283,500,0.1
Dust,avg,1,8.0,10,50,0.546,273,500,0.1
Dust,avg,1,11.0,10,50,0.546,273,500,0.1
Dust,avg,1,14.0,10,50,0.428,214,500,0.1
Dust,avg,1,17.0,10,50,0.192,96,500,0.1
Dust,avg,1,20.0,10,50,0.166,83,500,0.1
Dust,avg,2,2.0,10,50,0.236,118,500,0.1
Dust,avg,2,5.0,10,50,0.896,448,500,0.1
Dust,avg,2,8.0,10,50,0.936,468,500,0.1
Dust,avg,2,11.0,10,50,0.346,173,500,0.1
Dust,avg,2,14.0,10,50,0.048,24,500,0.1
Dust,avg,2,17.0,10,50,0.028,14,500,0.1
Dust,avg,2,20.0,10,50,0.016,8,500,0.1
Dust,last,2,2.0,10,50,0.212,106,500,0.1
Dust,last,2,5.0,10,50,0.968,484,500,0.1
Dust,last,2,8.0,10,50,0.618,309,500,0.1
Dust,last,2,11.0,10,50,0.494,247,500,0.1
Dust,last,2,14.0,10,50,0.49,245,500,0.1
Dust,last,2,17.0,10,50,0.35,175,500,0.1
Dust,last,2,20.0,10,50,0.058,29,500,0.1
Dust,last,3,2.0,10,50,0.116,58,500,0.1
Dust,last,3,5.0,10,50,0.836,418,500,0.1
Dust,last,3,8.0,10,50,0.624,312,500,0.1
Dust,last,3,11.0,10,50,0.642,321,500,0.1
Dust,last,3,14.0,10,50,0.546,273,500,0.1
Dust,last,3,17.0,10,50,0.384,192,500,0.1
Dust,last,3,20.0,10,50,0.298,149,500,0.1
Dust,avg,3,2.0,10,50,0.186,93,500,0.1
Dust,avg,3,5.0,10,50,0.804,402,500,0.1
Dust,avg,3,8.0,10,50,0.916,458,500,0.1
Dust,avg,3,11.0,10,50,0.228,114,500,0.1
Dust,avg,3,14.0,10,50,0.062,31,500,0.1
Dust,avg,3,17.0,10,50,0.042,21,500,0.1
Dust,avg,3,20.0,10,50,0.07,35,500,0.1
Dust,last,4,2.0,10,50,0.14,70,500,0.1
Dust,last,4,5.0,10,50,0.538,269,500,0.1
Dust,last,4,8.0,10,50,0.816,408,500,0.1
Dust,last,4,11.0,10,50,0.632,316,500,0.1
Dust,last,4,14.0,10,50,0.38,190,500,0.1
Dust,last,4,17.0,10,50,0.168,84,500,0.1
Dust,last,4,20.0,10,50,0.114,57,500,0.1
Dust,avg,4,2.0,10,50,0.216,108,500,0.1
Dust,avg,4,5.0,10,50,0.804,402,500,0.1
Dust,avg,4,8.0,10,50,0.986,493,500,0.1
Dust,avg,4,11.0,10,50,0.446,223,500,0.1
Dust,avg,4,14.0,10,50,0.134,67,500,0.1
Dust,avg,4,17.0,10,50,0.102,51,500,0.1
Dust,avg,4,20.0,10,50,0.12,60,500,0.1
Dust,last,5,2.0,10,50,0.112,56,500,0.1
Dust,last,5,5.0,10,50,0.282,141,500,0.1
Dust,last,5,8.0,10,50,0.748,374,500,0.1
Dust,last,5,11.0,10,50,0.42,210,500,0.1
Dust,last,5,14.0,10,50,0.176,88,500,0.1
Dust,last,5,17.0,10,50,0.098,49,500,0.1
Dust,last,5,20.0,10,50,0.062,31,500,0.1
Dust,avg,5,2.0,10,50,0.208,104,500,0.1
Dust,avg,5,5.0,10,50,0.744,372,500,0.1
Dust,avg,5,8.0,10,50,0.984,492,500,0.1
Dust,avg,5,11.0,10,50,0.632,316,500,0.1
Dust,avg,5,14.0,10,50,0.328,164,500,0.1
Dust,avg,5,17.0,10,50,0.198,99,500,0.1
Dust,avg,5,20.0,10,50,0.086,43,500,0.1
Dust,last,8,2.0,10,50,0.098,49,500,0.1
Dust,last,8,5.0,10,50,0.256,128,500,0.1
Dust,last,8,8.0,10,50,0.616,308,500,0.1
Dust,last,8,11.0,10,50,0.358,179,500,0.1
Dust,last,8,14.0,10,50,0.07,35,500,0.1
Dust,last,8,17.0,10,50,0.016,8,500,0.1
Dust,last,8,20.0,10,50,0.0,0,500,0.1
Dust,avg,8,2.0,10,50,0.19,95,500,0.1
Dust,avg,8,5.0,10,50,0.576,288,500,0.1
Dust,avg,8,8.0,10,50,0.804,402,500,0.1
Dust,avg,8,11.0,10,50,0.134,67,500,0.1
Dust,avg,8,14.0,10,50,0.014,7,500,0.1
Dust,avg,8,17.0,10,50,0.004,2,500,0.1
Dust,avg,8,20.0,10,50,0.002,1,500,0.1
Dust,last,11,2.0,10,50,0.142,71,500,0.1
Dust,last,11,5.0,10,50,0.21,105,500,0.1
Dust,last,11,8.0,10,50,0.312,156,500,0.1
Dust,last,11,11.0,10,50,0.274,137,500,0.1
Dust,last,11,14.0,10,50,0.138,69,500,0.1
Dust,last,11,17.0,10,50,0.012,6,500,0.1
Dust,last,11,20.0,10,50,0.006,3,500,0.1
Dust,avg,11,2.0,10,50,0.158,79,500,0.1
Dust,avg,11,5.0,10,50,0.264,132,500,0.1
Dust,avg,11,8.0,10,50,0.112,56,500,0.1
Dust,avg,11,11.0,10,50,0.008,4,500,0.1
Dust,avg,11,14.0,10,50,0.0,0,500,0.1
Dust,avg,11,17.0,10,50,0.0,0,500,0.1
Dust,avg,11,20.0,10,50,0.0,0,500,0.1
Dust,avg,14,2.0,10,50,0.124,62,500,0.1
Dust,avg,14,5.0,10,50,0.072,36,500,0.1
Dust,avg,14,8.0,10,50,0.03,15,500,0.1
Dust,avg,14,11.0,10,50,0.002,1,500,0.1
Dust,avg,14,14.0,10,50,0.0,0,500,0.1
Dust,avg,14,17.0,10,50,0.002,1,500,0.1
Dust,avg,14,20.0,10,50,0.0,0,500,0.1
Dust,last,14,2.0,10,50,0.106,53,500,0.1
Dust,last,14,5.0,10,50,0.104,52,500,0.1
Dust,last,14,8.0,10,50,0.1,50,500,0.1
Dust,last,14,11.0,10,50,0.104,52,500,0.1
Dust,last,14,14.0,10,50,0.066,33,500,0.1
Dust,last,14,17.0,10,50,0.04,20,500,0.1
Dust,last,14,20.0,10,50,0.024,12,500,0.1
Dust,last,17,2.0,10,50,0.094,47,500,0.1
Dust,last,17,5.0,10,50,0.084,42,500,0.1
Dust,last,17,8.0,10,50,0.064,32,500,0.1
Dust,last,17,11.0,10,50,0.066,33,500,0.1
Dust,last,17,14.0,10,50,0.064,32,500,0.1
Dust,last,17,17.0,10,50,0.038,19,500,0.1
Dust,last,17,20.0,10,50,0.046,23,500,0.1
Dust,avg,17,2.0,10,50,0.1,50,500,0.1
Dust,avg,17,5.0,10,50,0.066,33,500,0.1
Dust,avg,17,8.0,10,50,0.058,29,500,0.1
Dust,avg,17,11.0,10,50,0.034,17,500,0.1
Dust,avg,17,14.0,10,50,0.026,13,500,0.1
Dust,avg,17,17.0,10,50,0.014,7,500,0.1
Dust,avg,17,20.0,10,50,0.014,7,500,0.1
Dust,avg,20,2.0,10,50,0.102,51,500,0.1
Dust,avg,20,5.0,10,50,0.092,46,500,0.1
Dust,avg,20,8.0,10,50,0.07,35,500,0.1
Dust,avg,20,11.0,10,50,0.052,26,500,0.1
Dust,avg,20,14.0,10,50,0.034,17,500,0.1
Dust,avg,20,17.0,10,50,0.024,12,500,0.1
Dust,avg,20,20.0,10,50,0.034,17,500,0.1
Dust,last,20,2.0,10,50,0.1,50,500,0.1
Dust,last,20,5.0,10,50,0.096,48,500,0.1
Dust,last,20,8.0,10,50,0.078,39,500,0.1
Dust,last,20,11.0,10,50,0.078,39,500,0.1
Dust,last,20,14.0,10,50,0.062,31,500,0.1
Dust,last,20,17.0,10,50,0.048,24,500,0.1
Dust,last,20,20.0,10,50,0.038,19,500,0.1
Illusions,avg,0,2.0,10,50,1.0,500,500,0.1
Illusions,avg,0,5.0,10,50,0.87,435,500,0.1
Illusions,avg,0,8.0,10,50,0.808,404,500,0.1
Illusions,avg,0,11.0,10,50,0.664,332,500,0.1
Illusions,avg,0,14.0,10,50,0.438,219,500,0.1
Illusions,avg,0,17.0,10,50,0.18,90,500,0.1
Illusions,avg,0,20.0,10,50,0.042,21,500,0.1
Illusions,last,0,2.0,10,50,0.1,50,500,0.1
Illusions,last,0,5.0,10,50,0.1,50,500,0.1
Illusions,last,0,8.0,10,50,0.1,50,500,0.1
Illusions,last,0,11.0,10,50,0.1,50,500,0.1
Illusions,last,0,14.0,10,50,0.1,50,500,0.1
Illusions,last,0,17.0,10,50,0.1,50,500,0.1
Illusions,last,0,20.0,10,50,0.1,50,500,0.1
Illusions,avg,1,2.0,10,50,1.0,500,500,0.1
Illusions,avg,1,5.0,10,50,0.814,407,500,0.1
Illusions,avg,1,8.0,10,50,0.794,397,500,0.1
Illusions,avg,1,11.0,10,50,0.626,313,500,0.1
Illusions,avg,1,14.0,10,50,0.266,133,500,0.1
Illusions,avg,1,17.0,10,50,0.082,41,500,0.1
Illusions,avg,1,20.0,10,50,0.072,36,500,0.1
Illusions,last,1,2.0,10,50,0.428,214,500,0.1
Illusions,last,1,5.0,10,50,0.738,369,500,0.1
Illusions,last,1,8.0,10,50,0.086,43,500,0.1
Illusions,last,1,11.0,10,50,0.072,36,500,0.1
Illusions,last,1,14.0,10,50,0.12,60,500,0.1
Illusions,last,1,17.0,10,50,0.16,80,500,0.1
Illusions,last,1,20.0,10,50,0.074,37,500,0.1
Illusions,avg,2,2.0,10,50,0.204,102,500,0.1
Illusions,avg,2,5.0,10,50,0.88,440,500,0.1
Illusions,avg,2,8.0,10,50,0.532,266,500,0.1
Illusions,avg,2,11.0,10,50,0.416,208,500,0.1
Illusions,avg,2,14.0,10,50,0.192,96,500,0.1
Illusions,avg,2,17.0,10,50,0.082,41,500,0.1
Illusions,avg,2,20.0,10,50,0.096,48,500,0.1
Illusions,last,2,2.0,10,50,0.18,90,500,0.1
Illusions,last,2,5.0,10,50,0.916,458,500,0.1
Illusions,last,2,8.0,10,50,0.814,407,500,0.1
Illusions,last,2,11.0,10,50,0.742,371,500,0.1
Illusions,last,2,14.0,10,50,0.71,355,500,0.1
Illusions,last,2,17.0,10,50,0.626,313,500,0.1
Illusions,last,2,20.0,10,50,0.49,245,500,0.1
Illusions,avg,3,2.0,10,50,0.088,44,500,0.1
Illusions,avg,3,5.0,10,50,0.81,405,500,0.1
Illusions,avg,3,8.0,10,50,0.404,202,500,0.1
Illusions,avg,3,11.0,10,50,0.226,113,500,0.1
Illusions,avg,3,14.0,10,50,0.104,52,500,0.1
Illusions,avg,3,17.0,10,50,0.038,19,500,0.1
Illusions,avg,3,20.0,10,50,0.038,19,500,0.1
Illusions,last,3,2.0,10,50,0.12,60,500,0.1
Illusions,last,3,5.0,10,50,0.664,332,500,0.1
Illusions,last,3,8.0,10,50,0.406,203,500,0.1
Illusions,last,3,11.0,10,50,0.316,158,500,0.1
Illusions,last,3,14.0,10,50,0.194,97,500,0.1
Illusions,last,3,17.0,10,50,0.052,26,500,0.1
Illusions,last,3,20.0,10,50,0.0,0,500,0.1
Illusions,avg,4,2.0,10,50,0.076,38,500,0.1
Illusions,avg,4,5.0,10,50,0.218,109,500,0.1
Illusions,avg,4,8.0,10,50,0.304,152,500,0.1
Illusions,avg,4,11.0,10,50,0.076,38,500,0.1
Illusions,avg,4,14.0,10,50,0.026,13,500,0.1
Illusions,avg,4,17.0,10,50,0.032,16,500,0.1
Illusions,avg,4,20.0,10,50,0.024,12,500,0.1
Illusions,last,4,2.0,10,50,0.106,53,500,0.1
Illusions,last,4,5.0,10,50,0.75,375,500,0.1
Illusions,last,4,8.0,10,50,0.866,433,500,0.1
Illusions,last,4,11.0,10,50,0.694,347,500,0.1
Illusions,last,4,14.0,10,50,0.588,294,500,0.1
Illusions,last,4,17.0,10,50,0.588,294,500,0.1
Illusions,last,4,20.0,10,50,0.502,251,500,0.1
Illusions,avg,5,2.0,10,50,0.08,40,500,0.1
Illusions,avg,5,5.0,10,50,0.412,206,500,0.1
Illusions,avg,5,8.0,10,50,0.524,262,500,0.1
Illusions,avg,5,11.0,10,50,0.216,108,500,0.1
Illusions,avg,5,14.0,10,50,0.136,68,500,0.1
Illusions,avg,5,17.0,10,50,0.056,28,500,0.1
Illusions,avg,5,20.0,10,50,0.028,14,500,0.1
Illusions,last,5,2.0,10,50,0.11,55,500,0.1
Illusions,last,5,5.0,10,50,0.184,92,500,0.1
Illusions,last,5,8.0,10,50,0.416,208,500,0.1
Illusions,last,5,11.0,10,50,0.7,350,500,0.1
Illusions,last,5,14.0,10,50,0.366,183,500,0.1
Illusions,last,5,17.0,10,50,0.178,89,500,0.1
Illusions,last,5,20.0,10,50,0.118,59,500,0.1
Illusions,avg,8,2.0,10,50,0.14,70,500,0.1
Illusions,avg,8,5.0,10,50,0.22,110,500,0.1
Illusions,avg,8,8.0,10,50,0.234,117,500,0.1
Illusions,avg,8,11.0,10,50,0.038,19,500,0.1
Illusions,avg,8,14.0,10,50,0.008,4,500,0.1
Illusions,avg,8,17.0,10,50,0.0,0,500,0.1
Illusions,avg,8,20.0,10,50,0.0,0,500,0.1
Illusions,last,8,2.0,10,50,0.062,31,500,0.1
Illusions,last,8,5.0,10,50,0.156,78,500,0.1
Illusions,last,8,8.0,10,50,0.49,245,500,0.1
Illusions,last,8,11.0,10,50,0.268,134,500,0.1
Illusions,last,8,14.0,10,50,0.06,30,500,0.1
Illusions,last,8,17.0,10,50,0.01,5,500,0.1
Illusions,last,8,20.0,10,50,0.004,2,500,0.1
Illusions,last,11,2.0,10,50,0.102,51,500,0.1
Illusions,last,11,5.0,10,50,0.106,53,500,0.1
Illusions,last,11,8.0,10,50,0.022,11,500,0.1
Illusions,last,11,11.0,10,50,0.03,15,500,0.1
Illusions,last,11,14.0,10,50,0.018,9,500,0.1
Illusions,last,11,17.0,10,50,0.004,2,500,0.1
Illusions,last,11,20.0,10,50,0.0,0,500,0.1
Illusions,avg,11,2.0,10,50,0.112,56,500,0.1
Illusions,avg,11,5.0,10,50,0.072,36,500,0.1
Illusions,avg,11,8.0,10,50,0.018,9,500,0.1
Illusions,avg,11,11.0,10,50,0.002,1,500,0.1
Illusions,avg,11,14.0,10,50,0.002,1,500,0.1
Illusions,avg,11,17.0,10,50,0.0,0,500,0.1
Illusions,avg,11,20.0,10,50,0.0,0,500,0.1
Illusions,last,14,2.0,10,50,0.096,48,500,0.1
Illusions,last,14,5.0,10,50,0.09,45,500,0.1
Illusions,last,14,8.0,10,50,0.074,37,500,0.1
Illusions,last,14,11.0,10,50,0.052,26,500,0.1
Illusions,last,14,14.0,10,50,0.054,27,500,0.1
Illusions,last,14,17.0,10,50,0.016,8,500,0.1
Illusions,last,14,20.0,10,50,0.016,8,500,0.1
Illusions,avg,14,2.0,10,50,0.072,36,500,0.1
Illusions,avg,14,5.0,10,50,0.026,13,500,0.1
Illusions,avg,14,8.0,10,50,0.008,4,500,0.1
Illusions,avg,14,11.0,10,50,0.01,5,500,0.1
Illusions,avg,14,14.0,10,50,0.002,1,500,0.1
Illusions,avg,14,17.0,10,50,0.004,2,500,0.1
Illusions,avg,14,20.0,10,50,0.002,1,500,0.1
Illusions,avg,17,2.0,10,50,0.098,49,500,0.1
Illusions,avg,17,5.0,10,50,0.064,32,500,0.1
Illusions,avg,17,8.0,10,50,0.048,24,500,0.1
Illusions,avg,17,11.0,10,50,0.03,15,500,0.1
Illusions,avg,17,14.0,10,50,0.038,19,500,0.1
Illusions,avg,17,17.0,10,50,0.028,14,500,0.1
Illusions,avg,17,20.0,10,50,0.014,7,500,0.1
Illusions,last,17,2.0,10,50,0.098,49,500,0.1
Illusions,last,17,5.0,10,50,0.094,47,500,0.1
Illusions,last,17,8.0,10,50,0.088,44,500,0.1
Illusions,last,17,11.0,10,50,0.08,40,500,0.1
Illusions,last,17,14.0,10,50,0.076,38,500,0.1
Illusions,last,17,17.0,10,50,0.062,31,500,0.1
Illusions,last,17,20.0,10,50,0.06,30,500,0.1
Illusions,avg,20,2.0,10,50,0.106,53,500,0.1
Illusions,avg,20,5.0,10,50,0.096,48,500,0.1
Illusions,avg,20,8.0,10,50,0.08,40,500,0.1
Illusions,avg,20,11.0,10,50,0.078,39,500,0.1
Illusions,avg,20,14.0,10,50,0.048,24,500,0.1
Illusions,avg,20,17.0,10,50,0.034,17,500,0.1
Illusions,avg,20,20.0,10,50,0.034,17,500,0.1
Illusions,last,20,2.0,10,50,0.102,51,500,0.1
Illusions,last,20,5.0,10,50,0.102,51,500,0.1
Illusions,last,20,8.0,10,50,0.104,52,500,0.1
Illusions,last,20,11.0,10,50,0.098,49,500,0.1
Illusions,last,20,14.0,10,50,0.074,37,500,0.1
Illusions,last,20,17.0,10,50,0.072,36,500,0.1
Illusions,last,20,20.0,10,50,0.046,23,500,0.1
Origami,last,0,2.0,10,50,0.1,50,500,0.1
Origami,last,0,5.0,10,50,0.1,50,500,0.1
Origami,last,0,8.0,10,50,0.1,50,500,0.1
Origami,last,0,11.0,10,50,0.1,50,500,0.1
Origami,last,0,14.0,10,50,0.1,50,500,0.1
Origami,last,0,17.0,10,50,0.1,50,500,0.1
Origami,last,0,20.0,10,50,0.1,50,500,0.1
Origami,avg,0,2.0,10,50,1.0,500,500,0.1
Origami,avg,0,5.0,10,50,0.152,76,500,0.1
Origami,avg,0,8.0,10,50,0.086,43,500,0.1
Origami,avg,0,11.0,10,50,0.09,45,500,0.1
Origami,avg,0,14.0,10,50,0.092,46,500,0.1
Origami,avg,0,17.0,10,50,0.106,53,500,0.1
Origami,avg,0,20.0,10,50,0.146,73,500,0.1
Origami,last,1,2.0,10,50,0.928,464,500,0.1
Origami,last,1,5.0,10,50,0.458,229,500,0.1
Origami,last,1,8.0,10,50,0.142,71,500,0.1
Origami,last,1,11.0,10,50,0.048,24,500,0.1
Origami,last,1,14.0,10,50,0.008,4,500,0.1
Origami,last,1,17.0,10,50,0.004,2,500,0.1
Origami,last,1,20.0,10,50,0.012,6,500,0.1
Origami,avg,1,2.0,10,50,0.988,494,500,0.1
Origami,avg,1,5.0,10,50,0.456,228,500,0.1
Origami,avg,1,8.0,10,50,0.44,220,500,0.1
Origami,avg,1,11.0,10,50,0.252,126,500,0.1
Origami,avg,1,14.0,10,50,0.248,124,500,0.1
Origami,avg,1,17.0,10,50,0.218,109,500,0.1
Origami,avg,1,20.0,10,50,0.294,147,500,0.1
Origami,last,2,2.0,10,50,0.256,128,500,0.1
Origami,last,2,5.0,10,50,0.996,498,500,0.1
Origami,last,2,8.0,10,50,0.504,252,500,0.1
Origami,last,2,11.0,10,50,0.174,87,500,0.1
Origami,last,2,14.0,10,50,0.12,60,500,0.1
Origami,last,2,17.0,10,50,0.1,50,500,0.1
Origami,last,2,20.0,10,50,0.09,45,500,0.1
Origami,avg,2,2.0,10,50,0.232,116,500,0.1
Origami,avg,2,5.0,10,50,0.964,482,500,0.1
Origami,avg,2,8.0,10,50,0.504,252,500,0.1
Origami,avg,2,11.0,10,50,0.314,157,500,0.1
Origami,avg,2,14.0,10,50,0.134,67,500,0.1
Origami,avg,2,17.0,10,50,0.054,27,500,0.1
Origami,avg,2,20.0,10,50,0.106,53,500,0.1
Origami,last,3,2.0,10,50,0.092,46,500,0.1
Origami,last,3,5.0,10,50,0.944,472,500,0.1
Origami,last,3,8.0,10,50,0.356,178,500,0.1
Origami,last,3,11.0,10,50,0.234,117,500,0.1
Origami,last,3,14.0,10,50,0.152,76,500,0.1
Origami,last,3,17.0,10,50,0.044,22,500,0.1
Origami,last,3,20.0,10,50,0.016,8,500,0.1
Origami,avg,3,2.0,10,50,0.122,61,500,0.1
Origami,avg,3,5.0,10,50,0.846,423,500,0.1
Origami,avg,3,8.0,10,50,0.56,280,500,0.1
Origami,avg,3,11.0,10,50,0.368,184,500,0.1
Origami,avg,3,14.0,10,50,0.188,94,500,0.1
Origami,avg,3,17.0,10,50,0.082,41,500,0.1
Origami,avg,3,20.0,10,50,0.06,30,500,0.1
Origami,avg,4,2.0,10,50,0.118,59,500,0.1
Origami,avg,4,5.0,10,50,0.708,354,500,0.1
Origami,avg,4,8.0,10,50,0.58,290,500,0.1
Origami,avg,4,11.0,10,50,0.322,161,500,0.1
Origami,avg,4,14.0,10,50,0.138,69,500,0.1
Origami,avg,4,17.0,10,50,0.052,26,500,0.1
Origami,avg,4,20.0,10,50,0.032,16,500,0.1
Origami,last,4,2.0,10,50,0.09,45,500,0.1
Origami,last,4,5.0,10,50,0.714,357,500,0.1
Origami,last,4,8.0,10,50,0.85,425,500,0.1
Origami,last,4,11.0,10,50,0.388,194,500,0.1
Origami,last,4,14.0,10,50,0.276,138,500,0.1
Origami,last,4,17.0,10,50,0.124,62,500,0.1
Origami,last,4,20.0,10,50,0.05,25,500,0.1
Origami,last,5,2.0,10,50,0.092,46,500,0.1
Origami,last,5,5.0,10,50,0.458,229,500,0.1
Origami,last,5,8.0,10,50,0.93,465,500,0.1
Origami,last,5,11.0,10,50,0.374,187,500,0.1
Origami,last,5,14.0,10,50,0.106,53,500,0.1
Origami,last,5,17.0,10,50,0.012,6,500,0.1
Origami,last,5,20.0,10,50,0.002,1,500,0.1
Origami,avg,5,2.0,10,50,0.084,42,500,0.1
Origami,avg,5,5.0,10,50,0.408,204,500,0.1
Origami,avg,5,8.0,10,50,0.392,196,500,0.1
Origami,avg,5,11.0,10,50,0.208,104,500,0.1
Origami,avg,5,14.0,10,50,0.1,50,500,0.1
Origami,avg,5,17.0,10,50,0.06,30,500,0.1
Origami,avg,5,20.0,10,50,0.042,21,500,0.1
Origami,avg,8,2.0,10,50,0.064,32,500,0.1
Origami,avg,8,5.0,10,50,0.036,18,500,0.1
Origami,avg,8,8.0,10,50,0.064,32,500,0.1
Origami,avg,8,11.0,10,50,0.006,3,500,0.1
Origami,avg,8,14.0,10,50,0.004,2,500,0.1
Origami,avg,8,17.0,10,50,0.012,6,500,0.1
Origami,avg,8,20.0,10,50,0.014,7,500,0.1
Origami,last,8,2.0,10,50,0.094,47,500,0.1
Origami,last,8,5.0,10,50,0.2,100,500,0.1
Origami,last,8,8.0,10,50,0.496,248,500,0.1
Origami,last,8,11.0,10,50,0.324,162,500,0.1
Origami,last,8,14.0,10,50,0.088,44,500,0.1
Origami,last,8,17.0,10,50,0.014,7,500,0.1
Origami,last,8,20.0,10,50,0.002,1,500,0.1
Origami,last,11,2.0,10,50,0.106,53,500,0.1
Origami,last,11,5.0,10,50,0.076,38,500,0.1
Origami,last,11,8.0,10,50,0.044,22,500,0.1
Origami,last,11,11.0,10,50,0.016,8,500,0.1
Origami,last,11,14.0,10,50,0.0,0,500,0.1
Origami,last,11,17.0,10,50,0.0,0,500,0.1
Origami,last,11,20.0,10,50,0.0,0,500,0.1
Origami,avg,11,2.0,10,50,0.066,33,500,0.1
Origami,avg,11,5.0,10,50,0.018,9,500,0.1
Origami,avg,11,8.0,10,50,0.002,1,500,0.1
Origami,avg,11,11.0,10,50,0.0,0,500,0.1
Origami,avg,11,14.0,10,50,0.0,0,500,0.1
Origami,avg,11,17.0,10,50,0.0,0,500,0.1
Origami,avg,11,20.0,10,50,0.0,0,500,0.1
Origami,last,14,2.0,10,50,0.06,30,500,0.1
Origami,last,14,5.0,10,50,0.054,27,500,0.1
Origami,last,14,8.0,10,50,0.052,26,500,0.1
Origami,last,14,11.0,10,50,0.03,15,500,0.1
Origami,last,14,14.0,10,50,0.022,11,500,0.1
Origami,last,14,17.0,10,50,0.014,7,500,0.1
Origami,last,14,20.0,10,50,0.008,4,500,0.1
Origami,avg,14,2.0,10,50,0.062,31,500,0.1
Origami,avg,14,5.0,10,50,0.022,11,500,0.1
Origami,avg,14,8.0,10,50,0.002,1,500,0.1
Origami,avg,14,11.0,10,50,0.002,1,500,0.1
Origami,avg,14,14.0,10,50,0.004,2,500,0.1
Origami,avg,14,17.0,10,50,0.002,1,500,0.1
Origami,avg,14,20.0,10,50,0.002,1,500,0.1
Origami,avg,17,2.0,10,50,0.084,42,500,0.1
Origami,avg,17,5.0,10,50,0.052,26,500,0.1
Origami,avg,17,8.0,10,50,0.042,21,500,0.1
Origami,avg,17,11.0,10,50,0.02,10,500,0.1
Origami,avg,17,14.0,10,50,0.012,6,500,0.1
Origami,avg,17,17.0,10,50,0.022,11,500,0.1
Origami,avg,17,20.0,10,50,0.016,8,500,0.1
Origami,last,17,2.0,10,50,0.094,47,500,0.1
Origami,last,17,5.0,10,50,0.088,44,500,0.1
Origami,last,17,8.0,10,50,0.074,37,500,0.1
Origami,last,17,11.0,10,50,0.064,32,500,0.1
Origami,last,17,14.0,10,50,0.048,24,500,0.1
Origami,last,17,17.0,10,50,0.046,23,500,0.1
Origami,last,17,20.0,10,50,0.032,16,500,0.1
Origami,avg,20,2.0,10,50,0.09,45,500,0.1
Origami,avg,20,5.0,10,50,0.076,38,500,0.1
Origami,avg,20,8.0,10,50,0.058,29,500,0.1
Origami,avg,20,11.0,10,50,0.048,24,500,0.1
Origami,avg,20,14.0,10,50,0.03,15,500,0.1
Origami,avg,20,17.0,10,50,0.024,12,500,0.1
Origami,avg,20,20.0,10,50,0.016,8,500,0.1
Origami,last,20,2.0,10,50,0.098,49,500,0.1
Origami,last,20,5.0,10,50,0.094,47,500,0.1
Origami,last,20,8.0,10,50,0.09,45,500,0.1
Origami,last,20,11.0,10,50,0.084,42,500,0.1
Origami,last,20,14.0,10,50,0.068,34,500,0.1
Origami,last,20,17.0,10,50,0.072,36,500,0.1
Origami,last,20,20.0,10,50,0.054,27,500,0.1
Satellites,last,0,2.0,10,50,0.1,50,500,0.1
Satellites,last,0,5.0,10,50,0.1,50,500,0.1
Satellites,last,0,8.0,10,50,0.1,50,500,0.1
Satellites,last,0,11.0,10,50,0.1,50,500,0.1
Satellites,last,0,14.0,10,50,0.1,50,500,0.1
Satellites,last,0,17.0,10,50,0.1,50,500,0.1
Satellites,last,0,20.0,10,50,0.1,50,500,0.1
Satellites,avg,0,2.0,10,50,0.89,445,500,0.1
Satellites,avg,0,5.0,10,50,0.886,443,500,0.1
Satellites,avg,0,8.0,10,50,0.802,401,500,0.1
Satellites,avg,0,11.0,10,50,0.572,286,500,0.1
Satellites,avg,0,14.0,10,50,0.388,194,500,0.1
Satellites,avg,0,17.0,10,50,0.258,129,500,0.1
Satellites,avg,0,20.0,10,50,0.1,50,500,0.1
Satellites,avg,1,2.0,10,50,0.69,345,500,0.1
Satellites,avg,1,5.0,10,50,0.852,426,500,0.1
Satellites,avg,1,8.0,10,50,0.858,429,500,0.1
Satellites,avg,1,11.0,10,50,0.626,313,500,0.1
Satellites,avg,1,14.0,10,50,0.442,221,500,0.1
Satellites,avg,1,17.0,10,50,0.43,215,500,0.1
Satellites,avg,1,20.0,10,50,0.346,173,500,0.1
Satellites,last,1,2.0,10,50,0.436,218,500,0.1
Satellites,last,1,5.0,10,50,0.164,82,500,0.1
Satellites,last,1,8.0,10,50,0.118,59,500,0.1
Satellites,last,1,11.0,10,50,0.044,22,500,0.1
Satellites,last,1,14.0,10,50,0.034,17,500,0.1
Satellites,last,1,17.0,10,50,0.042,21,500,0.1
Satellites,last,1,20.0,10,50,0.04,20,500,0.1
Satellites,last,2,2.0,10,50,0.154,77,500,0.1
Satellites,last,2,5.0,10,50,0.578,289,500,0.1
Satellites,last,2,8.0,10,50,0.344,172,500,0.1
Satellites,last,2,11.0,10,50,0.29,145,500,0.1
Satellites,last,2,14.0,10,50,0.168,84,500,0.1
Satellites,last,2,17.0,10,50,0.138,69,500,0.1
Satellites,last,2,20.0,10,50,0.14,70,500,0.1
Satellites,avg,2,2.0,10,50,0.128,64,500,0.1
Satellites,avg,2,5.0,10,50,0.954,477,500,0.1
Satellites,avg,2,8.0,10,50,0.604,302,500,0.1
Satellites,avg,2,11.0,10,50,0.442,221,500,0.1
Satellites,avg,2,14.0,10,50,0.312,156,500,0.1
Satellites,avg,2,17.0,10,50,0.188,94,500,0.1
Satellites,avg,2,20.0,10,50,0.156,78,500,0.1
Satellites,avg,3,2.0,10,50,0.058,29,500,0.1
Satellites,avg,3,5.0,10,50,0.768,384,500,0.1
Satellites,avg,3,8.0,10,50,0.556,278,500,0.1
Satellites,avg,3,11.0,10,50,0.51,255,500,0.1
Satellites,avg,3,14.0,10,50,0.296,148,500,0.1
Satellites,avg,3,17.0,10,50,0.182,91,500,0.1
Satellites,avg,3,20.0,10,50,0.122,61,500,0.1
Satellites,last,3,2.0,10,50,0.134,67,500,0.1
Satellites,last,3,5.0,10,50,0.708,354,500,0.1
Satellites,last,3,8.0,10,50,0.636,318,500,0.1
Satellites,last,3,11.0,10,50,0.42,210,500,0.1
Satellites,last,3,14.0,10,50,0.278,139,500,0.1
Satellites,last,3,17.0,10,50,0.21,105,500,0.1
Satellites,last,3,20.0,10,50,0.118,59,500,0.1
Satellites,avg,4,2.0,10,50,0.052,26,500,0.1
Satellites,avg,4,5.0,10,50,0.45,225,500,0.1
Satellites,avg,4,8.0,10,50,0.182,91,500,0.1
Satellites,avg,4,11.0,10,50,0.134,67,500,0.1
Satellites,avg,4,14.0,10,50,0.086,43,500,0.1
Satellites,avg,4,17.0,10,50,0.052,26,500,0.1
Satellites,avg,4,20.0,10,50,0.028,14,500,0.1
Satellites,last,4,2.0,10,50,0.152,76,500,0.1
Satellites,last,4,5.0,10,50,0.95,475,500,0.1
Satellites,last,4,8.0,10,50,0.672,336,500,0.1
Satellites,last,4,11.0,10,50,0.28,140,500,0.1
Satellites,last,4,14.0,10,50,0.154,77,500,0.1
Satellites,last,4,17.0,10,50,0.084,42,500,0.1
Satellites,last,4,20.0,10,50,0.078,39,500,0.1
Satellites,last,5,2.0,10,50,0.144,72,500,0.1
Satellites,last,5,5.0,10,50,0.63,315,500,0.1
Satellites,last,5,8.0,10,50,0.78,390,500,0.1
Satellites,last,5,11.0,10,50,0.396,198,500,0.1
Satellites,last,5,14.0,10,50,0.12,60,500,0.1
Satellites,last,5,17.0,10,50,0.032,16,500,0.1
Satellites,last,5,20.0,10,50,0.02,10,500,0.1
Satellites,avg,5,2.0,10,50,0.05,25,500,0.1
Satellites,avg,5,5.0,10,50,0.118,59,500,0.1
Satellites,avg,5,8.0,10,50,0.126,63,500,0.1
Satellites,avg,5,11.0,10,50,0.064,32,500,0.1
Satellites,avg,5,14.0,10,50,0.036,18,500,0.1
Satellites,avg,5,17.0,10,50,0.032,16,500,0.1
Satellites,avg,5,20.0,10,50,0.036,18,500,0.1
Satellites,avg,8,2.0,10,50,0.072,36,500,0.1
Satellites,avg,8,5.0,10,50,0.044,22,500,0.1
Satellites,avg,8,8.0,10,50,0.044,22,500,0.1
Satellites,avg,8,11.0,10,50,0.004,2,500,0.1
Satellites,avg,8,14.0,10,50,0.002,1,500,0.1
Satellites,avg,8,17.0,10,50,0.0,0,500,0.1
Satellites,avg,8,20.0,10,50,0.0,0,500,0.1
Satellites,last,8,2.0,10,50,0.142,71,500,0.1
Satellites,last,8,5.0,10,50,0.39,195,500,0.1
Satellites,last,8,8.0,10,50,0.582,291,500,0.1
Satellites,last,8,11.0,10,50,0.2,100,500,0.1
Satellites,last,8,14.0,10,50,0.016,8,500,0.1
Satellites,last,8,17.0,10,50,0.0,0,500,0.1
Satellites,last,8,20.0,10,50,0.004,2,500,0.1
Satellites,avg,11,2.0,10,50,0.08,40,500,0.1
Satellites,avg,11,5.0,10,50,0.008,4,500,0.1
Satellites,avg,11,8.0,10,50,0.002,1,500,0.1
Satellites,avg,11,11.0,10,50,0.0,0,500,0.1
Satellites,avg,11,14.0,10,50,0.002,1,500,0.1
Satellites,avg,11,17.0,10,50,0.0,0,500,0.1
Satellites,avg,11,20.0,10,50,0.0,0,500,0.1
Satellites,last,11,2.0,10,50,0.078,39,500,0.1
Satellites,last,11,5.0,10,50,0.054,27,500,0.1
Satellites,last,11,8.0,10,50,0.02,10,500,0.1
Satellites,last,11,11.0,10,50,0.004,2,500,0.1
Satellites,last,11,14.0,10,50,0.0,0,500,0.1
Satellites,last,11,17.0,10,50,0.0,0,500,0.1
Satellites,last,11,20.0,10,50,0.0,0,500,0.1
Satellites,last,14,2.0,10,50,0.088,44,500,0.1
Satellites,last,14,5.0,10,50,0.076,38,500,0.1
Satellites,last,14,8.0,10,50,0.036,18,500,0.1
Satellites,last,14,11.0,10,50,0.022,11,500,0.1
Satellites,last,14,14.0,10,50,0.01,5,500,0.1
Satellites,last,14,17.0,10,50,0.002,1,500,0.1
Satellites,last,14,20.0,10,50,0.002,1,500,0.1
Satellites,avg,14,2.0,10,50,0.064,32,500,0.1
Satellites,avg,14,5.0,10,50,0.022,11,500,0.1
Satellites,avg,14,8.0,10,50,0.01,5,500,0.1
Satellites,avg,14,11.0,10,50,0.004,2,500,0.1
Satellites,avg,14,14.0,10,50,0.008,4,500,0.1
Satellites,avg,14,17.0,10,50,0.002,1,500,0.1
Satellites,avg,14,20.0,10,50,0.002,1,500,0.1
Satellites,avg,17,2.0,10,50,0.092,46,500,0.1
Satellites,avg,17,5.0,10,50,0.068,34,500,0.1
Satellites,avg,17,8.0,10,50,0.038,19,500,0.1
Satellites,avg,17,11.0,10,50,0.03,15,500,0.1
Satellites,avg,17,14.0,10,50,0.018,9,500,0.1
Satellites,avg,17,17.0,10,50,0.02,10,500,0.1
Satellites,avg,17,20.0,10,50,0.022,11,500,0.1
Satellites,last,17,2.0,10,50,0.1,50,500,0.1
Satellites,last,17,5.0,10,50,0.084,42,500,0.1
Satellites,last,17,8.0,10,50,0.072,36,500,0.1
Satellites,last,17,11.0,10,50,0.046,23,500,0.1
Satellites,last,17,14.0,10,50,0.054,27,500,0.1
Satellites,last,17,17.0,10,50,0.04,20,500,0.1
Satellites,last,17,20.0,10,50,0.026,13,500,0.1
Satellites,last,20,2.0,10,50,0.086,43,500,0.1
Satellites,last,20,5.0,10,50,0.092,46,500,0.1
Satellites,last,20,8.0,10,50,0.078,39,500,0.1
Satellites,last,20,11.0,10,50,0.074,37,500,0.1
Satellites,last,20,14.0,10,50,0.058,29,500,0.1
Satellites,last,20,17.0,10,50,0.042,21,500,0.1
Satellites,last,20,20.0,10,50,0.034,17,500,0.1
Satellites,avg,20,2.0,10,50,0.098,49,500,0.1
Satellites,avg,20,5.0,10,50,0.082,41,500,0.1
Satellites,avg,20,8.0,10,50,0.068,34,500,0.1
Satellites,avg,20,11.0,10,50,0.048,24,500,0.1
Satellites,avg,20,14.0,10,50,0.042,21,500,0.1
Satellites,avg,20,17.0,10,50,0.038,19,500,0.1
Satellites,avg,20,20.0,10,50,0.034,17,500,0.1
Trumpets,avg,0,2.0,10,50,0.996,498,500,0.1
Trumpets,avg,0,5.0,10,50,0.61,305,500,0.1
Trumpets,avg,0,8.0,10,50,0.286,143,500,0.1
Trumpets,avg,0,11.0,10,50,0.026,13,500,0.1
Trumpets,avg,0,14.0,10,50,0.002,1,500,0.1
Trumpets,avg,0,17.0,10,50,0.0,0,500,0.1
Trumpets,avg,0,20.0,10,50,0.06,30,500,0.1
Trumpets,last,0,2.0,10,50,0.1,50,500,0.1
Trumpets,last,0,5.0,10,50,0.1,50,500,0.1
Trumpets,last,0,8.0,10,50,0.1,50,500,0.1
Trumpets,last,0,11.0,10,50,0.1,50,500,0.1
Trumpets,last,0,14.0,10,50,0.1,50,500,0.1
Trumpets,last,0,17.0,10,50,0.1,50,500,0.1
Trumpets,last,0,20.0,10,50,0.1,50,500,0.1
Trumpets,last,1,2.0,10,50,0.7,350,500,0.1
Trumpets,last,1,5.0,10,50,0.644,322,500,0.1
Trumpets,last,1,8.0,10,50,0.366,183,500,0.1
Trumpets,last,1,11.0,10,50,0.174,87,500,0.1
Trumpets,last,1,14.0,10,50,0.088,44,500,0.1
Trumpets,last,1,17.0,10,50,0.036,18,500,0.1
Trumpets,last,1,20.0,10,50,0.056,28,500,0.1
Trumpets,avg,1,2.0,10,50,0.966,483,500,0.1
Trumpets,avg,1,5.0,10,50,0.264,132,500,0.1
Trumpets,avg,1,8.0,10,50,0.334,167,500,0.1
Trumpets,avg,1,11.0,10,50,0.242,121,500,0.1
Trumpets,avg,1,14.0,10,50,0.032,16,500,0.1
Trumpets,avg,1,17.0,10,50,0.174,87,500,0.1
Trumpets,avg,1,20.0,10,50,0.476,238,500,0.1
Trumpets,last,2,2.0,10,50,0.216,108,500,0.1
Trumpets,last,2,5.0,10,50,0.658,329,500,0.1
Trumpets,last,2,8.0,10,50,0.126,63,500,0.1
Trumpets,last,2,11.0,10,50,0.008,4,500,0.1
Trumpets,last,2,14.0,10,50,0.002,1,500,0.1
Trumpets,last,2,17.0,10,50,0.0,0,500,0.1
Trumpets,last,2,20.0,10,50,0.028,14,500,0.1
Trumpets,avg,2,2.0,10,50,0.13,65,500,0.1
Trumpets,avg,2,5.0,10,50,0.976,488,500,0.1
Trumpets,avg,2,8.0,10,50,0.506,253,500,0.1
Trumpets,avg,2,11.0,10,50,0.4,200,500,0.1
Trumpets,avg,2,14.0,10,50,0.388,194,500,0.1
Trumpets,avg,2,17.0,10,50,0.212,106,500,0.1
Trumpets,avg,2,20.0,10,50,0.116,58,500,0.1
Trumpets,last,3,2.0,10,50,0.104,52,500,0.1
Trumpets,last,3,5.0,10,50,0.396,198,500,0.1
Trumpets,last,3,8.0,10,50,0.062,31,500,0.1
Trumpets,last,3,11.0,10,50,0.024,12,500,0.1
Trumpets,last,3,14.0,10,50,0.0,0,500,0.1
Trumpets,last,3,17.0,10,50,0.006,3,500,0.1
Trumpets,last,3,20.0,10,50,0.046,23,500,0.1
Trumpets,avg,3,2.0,10,50,0.066,33,500,0.1
Trumpets,avg,3,5.0,10,50,0.828,414,500,0.1
Trumpets,avg,3,8.0,10,50,0.386,193,500,0.1
Trumpets,avg,3,11.0,10,50,0.388,194,500,0.1
Trumpets,avg,3,14.0,10,50,0.354,177,500,0.1
Trumpets,avg,3,17.0,10,50,0.324,162,500,0.1
Trumpets,avg,3,20.0,10,50,0.252,126,500,0.1
Trumpets,last,4,2.0,10,50,0.132,66,500,0.1
Trumpets,last,4,5.0,10,50,0.53,265,500,0.1
Trumpets,last,4,8.0,10,50,0.584,292,500,0.1
Trumpets,last,4,11.0,10,50,0.238,119,500,0.1
Trumpets,last,4,14.0,10,50,0.102,51,500,0.1
Trumpets,last,4,17.0,10,50,0.072,36,500,0.1
Trumpets,last,4,20.0,10,50,0.048,24,500,0.1
Trumpets,avg,4,2.0,10,50,0.078,39,500,0.1
Trumpets,avg,4,5.0,10,50,0.608,304,500,0.1
Trumpets,avg,4,8.0,10,50,0.37,185,500,0.1
Trumpets,avg,4,11.0,10,50,0.3,150,500,0.1
Trumpets,avg,4,14.0,10,50,0.2,100,500,0.1
Trumpets,avg,4,17.0,10,50,0.15,75,500,0.1
Trumpets,avg,4,20.0,10,50,0.14,70,500,0.1
Trumpets,avg,5,2.0,10,50,0.072,36,500,0.1
Trumpets,avg,5,5.0,10,50,0.086,43,500,0.1
Trumpets,avg,5,8.0,10,50,0.268,134,500,0.1
Trumpets,avg,5,11.0,10,50,0.202,101,500,0.1
Trumpets,avg,5,14.0,10,50,0.088,44,500,0.1
Trumpets,avg,5,17.0,10,50,0.058,29,500,0.1
Trumpets,avg,5,20.0,10,50,0.048,24,500,0.1
Trumpets,last,5,2.0,10,50,0.138,69,500,0.1
Trumpets,last,5,5.0,10,50,0.722,361,500,0.1
Trumpets,last,5,8.0,10,50,0.732,366,500,0.1
Trumpets,last,5,11.0,10,50,0.28,140,500,0.1
Trumpets,last,5,14.0,10,50,0.156,78,500,0.1
Trumpets,last,5,17.0,10,50,0.076,38,500,0.1
Trumpets,last,5,20.0,10,50,0.064,32,500,0.1
Trumpets,last,8,2.0,10,50,0.098,49,500,0.1
Trumpets,last,8,5.0,10,50,0.2,100,500,0.1
Trumpets,last,8,8.0,10,50,0.55,275,500,0.1
Trumpets,last,8,11.0,10,50,0.352,176,500,0.1
Trumpets,last,8,14.0,10,50,0.062,31,500,0.1
Trumpets,last,8,17.0,10,50,0.01,5,500,0.1
Trumpets,last,8,20.0,10,50,0.01,5,500,0.1
Trumpets,avg,8,2.0,10,50,0.114,57,500,0.1
Trumpets,avg,8,5.0,10,50,0.45,225,500,0.1
Trumpets,avg,8,8.0,10,50,0.794,397,500,0.1
Trumpets,avg,8,11.0,10,50,0.302,151,500,0.1
Trumpets,avg,8,14.0,10,50,0.174,87,500,0.1
Trumpets,avg,8,17.0,10,50,0.12,60,500,0.1
Trumpets,avg,8,20.0,10,50,0.058,29,500,0.1
Trumpets,avg,11,2.0,10,50,0.094,47,500,0.1
Trumpets,avg,11,5.0,10,50,0.06,30,500,0.1
Trumpets,avg,11,8.0,10,50,0.02,10,500,0.1
Trumpets,avg,11,11.0,10,50,0.008,4,500,0.1
Trumpets,avg,11,14.0,10,50,0.0,0,500,0.1
Trumpets,avg,11,17.0,10,50,0.002,1,500,0.1
Trumpets,avg,11,20.0,10,50,0.004,2,500,0.1
Trumpets,last,11,2.0,10,50,0.116,58,500,0.1
Trumpets,last,11,5.0,10,50,0.098,49,500,0.1
Trumpets,last,11,8.0,10,50,0.052,26,500,0.1
Trumpets,last,11,11.0,10,50,0.008,4,500,0.1
Trumpets,last,11,14.0,10,50,0.0,0,500,0.1
Trumpets,last,11,17.0,10,50,0.004,2,500,0.1
Trumpets,last,11,20.0,10,50,0.002,1,500,0.1
Trumpets,avg,14,2.0,10,50,0.114,57,500,0.1
Trumpets,avg,14,5.0,10,50,0.07,35,500,0.1
Trumpets,avg,14,8.0,10,50,0.032,16,500,0.1
Trumpets,avg,14,11.0,10,50,0.016,8,500,0.1
Trumpets,avg,14,14.0,10,50,0.002,1,500,0.1
Trumpets,avg,14,17.0,10,50,0.002,1,500,0.1
Trumpets,avg,14,20.0,10,50,0.006,3,500,0.1
Trumpets,last,14,2.0,10,50,0.128,64,500,0.1
Trumpets,last,14,5.0,10,50,0.096,48,500,0.1
Trumpets,last,14,8.0,10,50,0.082,41,500,0.1
Trumpets,last,14,11.0,10,50,0.04,20,500,0.1
Trumpets,last,14,14.0,10,50,0.012,6,500,0.1
Trumpets,last,14,17.0,10,50,0.02,10,500,0.1
Trumpets,last,14,20.0,10,50,0.012,6,500,0.1
Trumpets,avg,17,2.0,10,50,0.11,55,500,0.1
Trumpets,avg,17,5.0,10,50,0.09,45,500,0.1
Trumpets,avg,17,8.0,10,50,0.064,32,500,0.1
Trumpets,avg,17,11.0,10,50,0.046,23,500,0.1
Trumpets,avg,17,14.0,10,50,0.034,17,500,0.1
Trumpets,avg,17,17.0,10,50,0.032,16,500,0.1
Trumpets,avg,17,20.0,10,50,0.036,18,500,0.1
Trumpets,last,17,2.0,10,50,0.112,56,500,0.1
Trumpets,last,17,5.0,10,50,0.138,69,500,0.1
Trumpets,last,17,8.0,10,50,0.126,63,500,0.1
Trumpets,last,17,11.0,10,50,0.122,61,500,0.1
Trumpets,last,17,14.0,10,50,0.106,53,500,0.1
Trumpets,last,17,17.0,10,50,0.09,45,500,0.1
Trumpets,last,17,20.0,10,50,0.07,35,500,0.1
Trumpets,avg,20,2.0,10,50,0.102,51,500,0.1
Trumpets,avg,20,5.0,10,50,0.088,44,500,0.1
Trumpets,avg,20,8.0,10,50,0.082,41,500,0.1
Trumpets,avg,20,11.0,10,50,0.064,32,500,0.1
Trumpets,avg,20,14.0,10,50,0.054,27,500,0.1
Trumpets,avg,20,17.0,10,50,0.036,18,500,0.1
Trumpets,avg,20,20.0,10,50,0.034,17,500,0.1
Trumpets,last,20,2.0,10,50,0.108,54,500,0.1
Trumpets,last,20,5.0,10,50,0.134,67,500,0.1
Trumpets,last,20,8.0,10,50,0.122,61,500,0.1
Trumpets,last,20,11.0,10,50,0.126,63,500,0.1
Trumpets,last,20,14.0,10,50,0.102,51,500,0.1
Trumpets,last,20,17.0,10,50,0.076,38,500,0.1
Trumpets,last,20,20.0,10,50,0.062,31,500,0.1
appreciation,last,0,2.0,10,50,0.1,50,500,0.1
appreciation,last,0,5.0,10,50,0.1,50,500,0.1
appreciation,last,0,8.0,10,50,0.1,50,500,0.1
appreciation,last,0,11.0,10,50,0.1,50,500,0.1
appreciation,last,0,14.0,10,50,0.1,50,500,0.1
appreciation,last,0,17.0,10,50,0.1,50,500,0.1
appreciation,last,0,20.0,10,50,0.1,50,500,0.1
appreciation,avg,0,2.0,10,50,0.998,499,500,0.1
appreciation,avg,0,5.0,10,50,0.824,412,500,0.1
appreciation,avg,0,8.0,10,50,0.706,353,500,0.1
appreciation,avg,0,11.0,10,50,0.69,345,500,0.1
appreciation,avg,0,14.0,10,50,0.546,273,500,0.1
appreciation,avg,0,17.0,10,50,0.588,294,500,0.1
appreciation,avg,0,20.0,10,50,0.66,330,500,0.1
appreciation,last,1,2.0,10,50,0.696,348,500,0.1
appreciation,last,1,5.0,10,50,0.632,316,500,0.1
appreciation,last,1,8.0,10,50,0.166,83,500,0.1
appreciation,last,1,11.0,10,50,0.282,141,500,0.1
appreciation,last,1,14.0,10,50,0.234,117,500,0.1
appreciation,last,1,17.0,10,50,0.184,92,500,0.1
appreciation,last,1,20.0,10,50,0.106,53,500,0.1
appreciation,avg,1,2.0,10,50,0.902,451,500,0.1
appreciation,avg,1,5.0,10,50,0.476,238,500,0.1
appreciation,avg,1,8.0,10,50,0.534,267,500,0.1
appreciation,avg,1,11.0,10,50,0.662,331,500,0.1
appreciation,avg,1,14.0,10,50,0.652,326,500,0.1
appreciation,avg,1,17.0,10,50,0.528,264,500,0.1
appreciation,avg,1,20.0,10,50,0.526,263,500,0.1
appreciation,avg,2,2.0,10,50,0.136,68,500,0.1
appreciation,avg,2,5.0,10,50,0.998,499,500,0.1
appreciation,avg,2,8.0,10,50,0.578,289,500,0.1
appreciation,avg,2,11.0,10,50,0.39,195,500,0.1
appreciation,avg,2,14.0,10,50,0.172,86,500,0.1
appreciation,avg,2,17.0,10,50,0.106,53,500,0.1
appreciation,avg,2,20.0,10,50,0.052,26,500,0.1
appreciation,last,2,2.0,10,50,0.238,119,500,0.1
appreciation,last,2,5.0,10,50,0.928,464,500,0.1
appreciation,last,2,8.0,10,50,0.242,121,500,0.1
appreciation,last,2,11.0,10,50,0.112,56,500,0.1
appreciation,last,2,14.0,10,50,0.062,31,500,0.1
appreciation,last,2,17.0,10,50,0.058,29,500,0.1
appreciation,last,2,20.0,10,50,0.078,39,500,0.1
appreciation,last,3,2.0,10,50,0.158,79,500,0.1
appreciation,last,3,5.0,10,50,0.96,480,500,0.1
appreciation,last,3,8.0,10,50,0.644,322,500,0.1
appreciation,last,3,11.0,10,50,0.334,167,500,0.1
appreciation,last,3,14.0,10,50,0.114,57,500,0.1
appreciation,last,3,17.0,10,50,0.164,82,500,0.1
appreciation,last,3,20.0,10,50,0.174,87,500,0.1
appreciation,avg,3,2.0,10,50,0.07,35,500,0.1
appreciation,avg,3,5.0,10,50,0.872,436,500,0.1
appreciation,avg,3,8.0,10,50,0.548,274,500,0.1
appreciation,avg,3,11.0,10,50,0.368,184,500,0.1
appreciation,avg,3,14.0,10,50,0.196,98,500,0.1
appreciation,avg,3,17.0,10,50,0.124,62,500,0.1
appreciation,avg,3,20.0,10,50,0.066,33,500,0.1
appreciation,avg,4,2.0,10,50,0.076,38,500,0.1
appreciation,avg,4,5.0,10,50,0.758,379,500,0.1
appreciation,avg,4,8.0,10,50,0.536,268,500,0.1
appreciation,avg,4,11.0,10,50,0.406,203,500,0.1
appreciation,avg,4,14.0,10,50,0.22,110,500,0.1
appreciation,avg,4,17.0,10,50,0.146,73,500,0.1
appreciation,avg,4,20.0,10,50,0.104,52,500,0.1
appreciation,last,4,2.0,10,50,0.144,72,500,0.1
appreciation,last,4,5.0,10,50,0.846,423,500,0.1
appreciation,last,4,8.0,10,50,0.6,300,500,0.1
appreciation,last,4,11.0,10,50,0.328,164,500,0.1
appreciation,last,4,14.0,10,50,0.264,132,500,0.1
appreciation,last,4,17.0,10,50,0.296,148,500,0.1
appreciation,last,4,20.0,10,50,0.336,168,500,0.1
appreciation,last,5,2.0,10,50,0.18,90,500,0.1
appreciation,last,5,5.0,10,50,0.814,407,500,0.1
appreciation,last,5,8.0,10,50,0.94,470,500,0.1
appreciation,last,5,11.0,10,50,0.712,356,500,0.1
appreciation,last,5,14.0,10,50,0.458,229,500,0.1
appreciation,last,5,17.0,10,50,0.218,109,500,0.1
appreciation,last,5,20.0,10,50,0.09,45,500,0.1
appreciation,avg,5,2.0,10,50,0.076,38,500,0.1
appreciation,avg,5,5.0,10,50,0.458,229,500,0.1
appreciation,avg,5,8.0,10,50,0.558,279,500,0.1
appreciation,avg,5,11.0,10,50,0.37,185,500,0.1
appreciation,avg,5,14.0,10,50,0.3,150,500,0.1
appreciation,avg,5,17.0,10,50,0.204,102,500,0.1
appreciation,avg,5,20.0,10,50,0.148,74,500,0.1
appreciation,last,8,2.0,10,50,0.092,46,500,0.1
appreciation,last,8,5.0,10,50,0.148,74,500,0.1
appreciation,last,8,8.0,10,50,0.306,153,500,0.1
appreciation,last,8,11.0,10,50,0.088,44,500,0.1
appreciation,last,8,14.0,10,50,0.018,9,500,0.1
appreciation,last,8,17.0,10,50,0.0,0,500,0.1
appreciation,last,8,20.0,10,50,0.004,2,500,0.1
appreciation,avg,8,2.0,10,50,0.128,64,500,0.1
appreciation,avg,8,5.0,10,50,0.264,132,500,0.1
appreciation,avg,8,8.0,10,50,0.254,127,500,0.1
appreciation,avg,8,11.0,10,50,0.036,18,500,0.1
appreciation,avg,8,14.0,10,50,0.008,4,500,0.1
appreciation,avg,8,17.0,10,50,0.006,3,500,0.1
appreciation,avg,8,20.0,10,50,0.008,4,500,0.1
appreciation,last,11,2.0,10,50,0.13,65,500,0.1
appreciation,last,11,5.0,10,50,0.2,100,500,0.1
appreciation,last,11,8.0,10,50,0.188,94,500,0.1
appreciation,last,11,11.0,10,50,0.12,60,500,0.1
appreciation,last,11,14.0,10,50,0.072,36,500,0.1
appreciation,last,11,17.0,10,50,0.03,15,500,0.1
appreciation,last,11,20.0,10,50,0.016,8,500,0.1
appreciation,avg,11,2.0,10,50,0.114,57,500,0.1
appreciation,avg,11,5.0,10,50,0.092,46,500,0.1
appreciation,avg,11,8.0,10,50,0.034,17,500,0.1
appreciation,avg,11,11.0,10,50,0.004,2,500,0.1
appreciation,avg,11,14.0,10,50,0.002,1,500,0.1
appreciation,avg,11,17.0,10,50,0.004,2,500,0.1
appreciation,avg,11,20.0,10,50,0.0,0,500,0.1
appreciation,last,14,2.0,10,50,0.096,48,500,0.1
appreciation,last,14,5.0,10,50,0.106,53,500,0.1
appreciation,last,14,8.0,10,50,0.124,62,500,0.1
appreciation,last,14,11.0,10,50,0.146,73,500,0.1
appreciation,last,14,14.0,10,50,0.154,77,500,0.1
appreciation,last,14,17.0,10,50,0.136,68,500,0.1
appreciation,last,14,20.0,10,50,0.098,49,500,0.1
appreciation,avg,14,2.0,10,50,0.062,31,500,0.1
appreciation,avg,14,5.0,10,50,0.056,28,500,0.1
appreciation,avg,14,8.0,10,50,0.022,11,500,0.1
appreciation,avg,14,11.0,10,50,0.004,2,500,0.1
appreciation,avg,14,14.0,10,50,0.004,2,500,0.1
appreciation,avg,14,17.0,10,50,0.002,1,500,0.1
appreciation,avg,14,20.0,10,50,0.002,1,500,0.1
appreciation,avg,17,2.0,10,50,0.082,41,500,0.1
appreciation,avg,17,5.0,10,50,0.05,25,500,0.1
appreciation,avg,17,8.0,10,50,0.042,21,500,0.1
appreciation,avg,17,11.0,10,50,0.022,11,500,0.1
appreciation,avg,17,14.0,10,50,0.018,9,500,0.1
appreciation,avg,17,17.0,10,50,0.01,5,500,0.1
appreciation,avg,17,20.0,10,50,0.024,12,500,0.1
appreciation,last,17,2.0,10,50,0.098,49,500,0.1
appreciation,last,17,5.0,10,50,0.09,45,500,0.1
appreciation,last,17,8.0,10,50,0.086,43,500,0.1
appreciation,last,17,11.0,10,50,0.08,40,500,0.1
appreciation,last,17,14.0,10,50,0.082,41,500,0.1
appreciation,last,17,17.0,10,50,0.06,30,500,0.1
appreciation,last,17,20.0,10,50,0.056,28,500,0.1
appreciation,last,20,2.0,10,50,0.102,51,500,0.1
appreciation,last,20,5.0,10,50,0.106,53,500,0.1
appreciation,last,20,8.0,10,50,0.12,60,500,0.1
appreciation,last,20,11.0,10,50,0.104,52,500,0.1
appreciation,last,20,14.0,10,50,0.09,45,500,0.1
appreciation,last,20,17.0,10,50,0.096,48,500,0.1
appreciation,last,20,20.0,10,50,0.068,34,500,0.1
appreciation,avg,20,2.0,10,50,0.08,40,500,0.1
appreciation,avg,20,5.0,10,50,0.078,39,500,0.1
appreciation,avg,20,8.0,10,50,0.042,21,500,0.1
appreciation,avg,20,11.0,10,50,0.028,14,500,0.1
appreciation,avg,20,14.0,10,50,0.028,14,500,0.1
appreciation,avg,20,17.0,10,50,0.014,7,500,0.1
appreciation,avg,20,20.0,10,50,0.012,6,500,0.1
betrayal,avg,0,2.0,10,50,0.986,493,500,0.1
betrayal,avg,0,5.0,10,50,0.734,367,500,0.1
betrayal,avg,0,8.0,10,50,0.236,118,500,0.1
betrayal,avg,0,11.0,10,50,0.094,47,500,0.1
betrayal,avg,0,14.0,10,50,0.046,23,500,0.1
betrayal,avg,0,17.0,10,50,0.022,11,500,0.1
betrayal,avg,0,20.0,10,50,0.06,30,500,0.1
betrayal,last,0,2.0,10,50,0.1,50,500,0.1
betrayal,last,0,5.0,10,50,0.1,50,500,0.1
betrayal,last,0,8.0,10,50,0.1,50,500,0.1
betrayal,last,0,11.0,10,50,0.1,50,500,0.1
betrayal,last,0,14.0,10,50,0.1,50,500,0.1
betrayal,last,0,17.0,10,50,0.1,50,500,0.1
betrayal,last,0,20.0,10,50,0.1,50,500,0.1
betrayal,avg,1,2.0,10,50,0.878,439,500,0.1
betrayal,avg,1,5.0,10,50,0.488,244,500,0.1
betrayal,avg,1,8.0,10,50,0.2,100,500,0.1
betrayal,avg,1,11.0,10,50,0.23,115,500,0.1
betrayal,avg,1,14.0,10,50,0.216,108,500,0.1
betrayal,avg,1,17.0,10,50,0.226,113,500,0.1
betrayal,avg,1,20.0,10,50,0.322,161,500,0.1
betrayal,last,1,2.0,10,50,0.462,231,500,0.1
betrayal,last,1,5.0,10,50,0.32,160,500,0.1
betrayal,last,1,8.0,10,50,0.058,29,500,0.1
betrayal,last,1,11.0,10,50,0.104,52,500,0.1
betrayal,last,1,14.0,10,50,0.042,21,500,0.1
betrayal,last,1,17.0,10,50,0.014,7,500,0.1
betrayal,last,1,20.0,10,50,0.008,4,500,0.1
betrayal,last,2,2.0,10,50,0.276,138,500,0.1
betrayal,last,2,5.0,10,50,0.75,375,500,0.1
betrayal,last,2,8.0,10,50,0.206,103,500,0.1
betrayal,last,2,11.0,10,50,0.094,47,500,0.1
betrayal,last,2,14.0,10,50,0.004,2,500,0.1
betrayal,last,2,17.0,10,50,0.0,0,500,0.1
betrayal,last,2,20.0,10,50,0.008,4,500,0.1
betrayal,avg,2,2.0,10,50,0.136,68,500,0.1
betrayal,avg,2,5.0,10,50,1.0,500,500,0.1
betrayal,avg,2,8.0,10,50,0.624,312,500,0.1
betrayal,avg,2,11.0,10,50,0.462,231,500,0.1
betrayal,avg,2,14.0,10,50,0.198,99,500,0.1
betrayal,avg,2,17.0,10,50,0.124,62,500,0.1
betrayal,avg,2,20.0,10,50,0.064,32,500,0.1
betrayal,last,3,2.0,10,50,0.114,57,500,0.1
betrayal,last,3,5.0,10,50,0.668,334,500,0.1
betrayal,last,3,8.0,10,50,0.384,192,500,0.1
betrayal,last,3,11.0,10,50,0.15,75,500,0.1
betrayal,last,3,14.0,10,50,0.054,27,500,0.1
betrayal,last,3,17.0,10,50,0.066,33,500,0.1
betrayal,last,3,20.0,10,50,0.168,84,500,0.1
betrayal,avg,3,2.0,10,50,0.072,36,500,0.1
betrayal,avg,3,5.0,10,50,0.714,357,500,0.1
betrayal,avg,3,8.0,10,50,0.726,363,500,0.1
betrayal,avg,3,11.0,10,50,0.394,197,500,0.1
betrayal,avg,3,14.0,10,50,0.136,68,500,0.1
betrayal,avg,3,17.0,10,50,0.096,48,500,0.1
betrayal,avg,3,20.0,10,50,0.086,43,500,0.1
betrayal,avg,4,2.0,10,50,0.062,31,500,0.1
betrayal,avg,4,5.0,10,50,0.236,118,500,0.1
betrayal,avg,4,8.0,10,50,0.842,421,500,0.1
betrayal,avg,4,11.0,10,50,0.286,143,500,0.1
betrayal,avg,4,14.0,10,50,0.134,67,500,0.1
betrayal,avg,4,17.0,10,50,0.048,24,500,0.1
betrayal,avg,4,20.0,10,50,0.03,15,500,0.1
betrayal,last,4,2.0,10,50,0.124,62,500,0.1
betrayal,last,4,5.0,10,50,0.248,124,500,0.1
betrayal,last,4,8.0,10,50,0.448,224,500,0.1
betrayal,last,4,11.0,10,50,0.424,212,500,0.1
betrayal,last,4,14.0,10,50,0.222,111,500,0.1
betrayal,last,4,17.0,10,50,0.054,27,500,0.1
betrayal,last,4,20.0,10,50,0.062,31,500,0.1
betrayal,avg,5,2.0,10,50,0.068,34,500,0.1
betrayal,avg,5,5.0,10,50,0.164,82,500,0.1
betrayal,avg,5,8.0,10,50,0.508,254,500,0.1
betrayal,avg,5,11.0,10,50,0.242,121,500,0.1
betrayal,avg,5,14.0,10,50,0.122,61,500,0.1
betrayal,avg,5,17.0,10,50,0.08,40,500,0.1
betrayal,avg,5,20.0,10,50,0.056,28,500,0.1
betrayal,last,5,2.0,10,50,0.096,48,500,0.1
betrayal,last,5,5.0,10,50,0.156,78,500,0.1
betrayal,last,5,8.0,10,50,0.476,238,500,0.1
betrayal,last,5,11.0,10,50,0.628,314,500,0.1
betrayal,last,5,14.0,10,50,0.516,258,500,0.1
betrayal,last,5,17.0,10,50,0.206,103,500,0.1
betrayal,last,5,20.0,10,50,0.122,61,500,0.1
betrayal,last,8,2.0,10,50,0.096,48,500,0.1
betrayal,last,8,5.0,10,50,0.154,77,500,0.1
betrayal,last,8,8.0,10,50,0.694,347,500,0.1
betrayal,last,8,11.0,10,50,0.558,279,500,0.1
betrayal,last,8,14.0,10,50,0.062,31,500,0.1
betrayal,last,8,17.0,10,50,0.044,22,500,0.1
betrayal,last,8,20.0,10,50,0.054,27,500,0.1
betrayal,avg,8,2.0,10,50,0.108,54,500,0.1
betrayal,avg,8,5.0,10,50,0.126,63,500,0.1
betrayal,avg,8,8.0,10,50,0.276,138,500,0.1
betrayal,avg,8,11.0,10,50,0.128,64,500,0.1
betrayal,avg,8,14.0,10,50,0.004,2,500,0.1
betrayal,avg,8,17.0,10,50,0.006,3,500,0.1
betrayal,avg,8,20.0,10,50,0.002,1,500,0.1
betrayal,avg,11,2.0,10,50,0.138,69,500,0.1
betrayal,avg,11,5.0,10,50,0.152,76,500,0.1
betrayal,avg,11,8.0,10,50,0.114,57,500,0.1
betrayal,avg,11,11.0,10,50,0.03,15,500,0.1
betrayal,avg,11,14.0,10,50,0.006,3,500,0.1
betrayal,avg,11,17.0,10,50,0.002,1,500,0.1
betrayal,avg,11,20.0,10,50,0.006,3,500,0.1
betrayal,last,11,2.0,10,50,0.124,62,500,0.1
betrayal,last,11,5.0,10,50,0.102,51,500,0.1
betrayal,last,11,8.0,10,50,0.058,29,500,0.1
betrayal,last,11,11.0,10,50,0.038,19,500,0.1
betrayal,last,11,14.0,10,50,0.024,12,500,0.1
betrayal,last,11,17.0,10,50,0.004,2,500,0.1
betrayal,last,11,20.0,10,50,0.006,3,500,0.1
betrayal,avg,14,2.0,10,50,0.092,46,500,0.1
betrayal,avg,14,5.0,10,50,0.05,25,500,0.1
betrayal,avg,14,8.0,10,50,0.044,22,500,0.1
betrayal,avg,14,11.0,10,50,0.016,8,500,0.1
betrayal,avg,14,14.0,10,50,0.004,2,500,0.1
betrayal,avg,14,17.0,10,50,0.0,0,500,0.1
betrayal,avg,14,20.0,10,50,0.002,1,500,0.1
betrayal,last,14,2.0,10,50,0.098,49,500,0.1
betrayal,last,14,5.0,10,50,0.096,48,500,0.1
betrayal,last,14,8.0,10,50,0.08,40,500,0.1
betrayal,last,14,11.0,10,50,0.064,32,500,0.1
betrayal,last,14,14.0,10,50,0.044,22,500,0.1
betrayal,last,14,17.0,10,50,0.036,18,500,0.1
betrayal,last,14,20.0,10,50,0.018,9,500,0.1
betrayal,avg,17,2.0,10,50,0.084,42,500,0.1
betrayal,avg,17,5.0,10,50,0.068,34,500,0.1
betrayal,avg,17,8.0,10,50,0.048,24,500,0.1
betrayal,avg,17,11.0,10,50,0.034,17,500,0.1
betrayal,avg,17,14.0,10,50,0.026,13,500,0.1
betrayal,avg,17,17.0,10,50,0.034,17,500,0.1
betrayal,avg,17,20.0,10,50,0.018,9,500,0.1
betrayal,last,17,2.0,10,50,0.1,50,500,0.1
betrayal,last,17,5.0,10,50,0.102,51,500,0.1
betrayal,last,17,8.0,10,50,0.092,46,500,0.1
betrayal,last,17,11.0,10,50,0.094,47,500,0.1
betrayal,last,17,14.0,10,50,0.084,42,500,0.1
betrayal,last,17,17.0,10,50,0.074,37,500,0.1
betrayal,last,17,20.0,10,50,0.058,29,500,0.1
betrayal,last,20,2.0,10,50,0.104,52,500,0.1
betrayal,last,20,5.0,10,50,0.144,72,500,0.1
betrayal,last,20,8.0,10,50,0.182,91,500,0.1
betrayal,last,20,11.0,10,50,0.23,115,500,0.1
betrayal,last,20,14.0,10,50,0.194,97,500,0.1
betrayal,last,20,17.0,10,50,0.168,84,500,0.1
betrayal,last,20,20.0,10,50,0.132,66,500,0.1
betrayal,avg,20,2.0,10,50,0.098,49,500,0.1
betrayal,avg,20,5.0,10,50,0.088,44,500,0.1
betrayal,avg,20,8.0,10,50,0.06,30,500,0.1
betrayal,avg,20,11.0,10,50,0.048,24,500,0.1
betrayal,avg,20,14.0,10,50,0.026,13,500,0.1
betrayal,avg,20,17.0,10,50,0.032,16,500,0.1
betrayal,avg,20,20.0,10,50,0.02,10,500,0.1
fibonacci_numbers,avg,0,2.0,10,50,0.998,499,500,0.1
fibonacci_numbers,avg,0,5.0,10,50,0.596,298,500,0.1
fibonacci_numbers,avg,0,8.0,10,50,0.478,239,500,0.1
fibonacci_numbers,avg,0,11.0,10,50,0.162,81,500,0.1
fibonacci_numbers,avg,0,14.0,10,50,0.122,61,500,0.1
fibonacci_numbers,avg,0,17.0,10,50,0.056,28,500,0.1
fibonacci_numbers,avg,0,20.0,10,50,0.026,13,500,0.1
fibonacci_numbers,last,0,2.0,10,50,0.1,50,500,0.1
fibonacci_numbers,last,0,5.0,10,50,0.1,50,500,0.1
fibonacci_numbers,last,0,8.0,10,50,0.1,50,500,0.1
fibonacci_numbers,last,0,11.0,10,50,0.1,50,500,0.1
fibonacci_numbers,last,0,14.0,10,50,0.1,50,500,0.1
fibonacci_numbers,last,0,17.0,10,50,0.1,50,500,0.1
fibonacci_numbers,last,0,20.0,10,50,0.1,50,500,0.1
fibonacci_numbers,last,1,2.0,10,50,0.728,364,500,0.1
fibonacci_numbers,last,1,5.0,10,50,0.198,99,500,0.1
fibonacci_numbers,last,1,8.0,10,50,0.362,181,500,0.1
fibonacci_numbers,last,1,11.0,10,50,0.31,155,500,0.1
fibonacci_numbers,last,1,14.0,10,50,0.208,104,500,0.1
fibonacci_numbers,last,1,17.0,10,50,0.12,60,500,0.1
fibonacci_numbers,last,1,20.0,10,50,0.122,61,500,0.1
fibonacci_numbers,avg,1,2.0,10,50,0.988,494,500,0.1
fibonacci_numbers,avg,1,5.0,10,50,0.338,169,500,0.1
fibonacci_numbers,avg,1,8.0,10,50,0.158,79,500,0.1
fibonacci_numbers,avg,1,11.0,10,50,0.136,68,500,0.1
fibonacci_numbers,avg,1,14.0,10,50,0.464,232,500,0.1
fibonacci_numbers,avg,1,17.0,10,50,0.656,328,500,0.1
fibonacci_numbers,avg,1,20.0,10,50,0.644,322,500,0.1
fibonacci_numbers,last,2,2.0,10,50,0.444,222,500,0.1
fibonacci_numbers,last,2,5.0,10,50,0.64,320,500,0.1
fibonacci_numbers,last,2,8.0,10,50,0.216,108,500,0.1
fibonacci_numbers,last,2,11.0,10,50,0.26,130,500,0.1
fibonacci_numbers,last,2,14.0,10,50,0.25,125,500,0.1
fibonacci_numbers,last,2,17.0,10,50,0.356,178,500,0.1
fibonacci_numbers,last,2,20.0,10,50,0.306,153,500,0.1
fibonacci_numbers,avg,2,2.0,10,50,0.14,70,500,0.1
fibonacci_numbers,avg,2,5.0,10,50,1.0,500,500,0.1
fibonacci_numbers,avg,2,8.0,10,50,0.828,414,500,0.1
fibonacci_numbers,avg,2,11.0,10,50,0.32,160,500,0.1
fibonacci_numbers,avg,2,14.0,10,50,0.166,83,500,0.1
fibonacci_numbers,avg,2,17.0,10,50,0.072,36,500,0.1
fibonacci_numbers,avg,2,20.0,10,50,0.046,23,500,0.1
fibonacci_numbers,avg,3,2.0,10,50,0.068,34,500,0.1
fibonacci_numbers,avg,3,5.0,10,50,0.624,312,500,0.1
fibonacci_numbers,avg,3,8.0,10,50,0.882,441,500,0.1
fibonacci_numbers,avg,3,11.0,10,50,0.266,133,500,0.1
fibonacci_numbers,avg,3,14.0,10,50,0.15,75,500,0.1
fibonacci_numbers,avg,3,17.0,10,50,0.094,47,500,0.1
fibonacci_numbers,avg,3,20.0,10,50,0.054,27,500,0.1
fibonacci_numbers,last,3,2.0,10,50,0.186,93,500,0.1
fibonacci_numbers,last,3,5.0,10,50,0.842,421,500,0.1
fibonacci_numbers,last,3,8.0,10,50,0.77,385,500,0.1
fibonacci_numbers,last,3,11.0,10,50,0.462,231,500,0.1
fibonacci_numbers,last,3,14.0,10,50,0.02,10,500,0.1
fibonacci_numbers,last,3,17.0,10,50,0.006,3,500,0.1
fibonacci_numbers,last,3,20.0,10,50,0.042,21,500,0.1
fibonacci_numbers,avg,4,2.0,10,50,0.06,30,500,0.1
fibonacci_numbers,avg,4,5.0,10,50,0.382,191,500,0.1
fibonacci_numbers,avg,4,8.0,10,50,0.87,435,500,0.1
fibonacci_numbers,avg,4,11.0,10,50,0.278,139,500,0.1
fibonacci_numbers,avg,4,14.0,10,50,0.148,74,500,0.1
fibonacci_numbers,avg,4,17.0,10,50,0.092,46,500,0.1
fibonacci_numbers,avg,4,20.0,10,50,0.072,36,500,0.1
fibonacci_numbers,last,4,2.0,10,50,0.1,50,500,0.1
fibonacci_numbers,last,4,5.0,10,50,0.814,407,500,0.1
fibonacci_numbers,last,4,8.0,10,50,0.522,261,500,0.1
fibonacci_numbers,last,4,11.0,10,50,0.094,47,500,0.1
fibonacci_numbers,last,4,14.0,10,50,0.046,23,500,0.1
fibonacci_numbers,last,4,17.0,10,50,0.054,27,500,0.1
fibonacci_numbers,last,4,20.0,10,50,0.052,26,500,0.1
fibonacci_numbers,last,5,2.0,10,50,0.114,57,500,0.1
fibonacci_numbers,last,5,5.0,10,50,0.578,289,500,0.1
fibonacci_numbers,last,5,8.0,10,50,0.508,254,500,0.1
fibonacci_numbers,last,5,11.0,10,50,0.18,90,500,0.1
fibonacci_numbers,last,5,14.0,10,50,0.052,26,500,0.1
fibonacci_numbers,last,5,17.0,10,50,0.028,14,500,0.1
fibonacci_numbers,last,5,20.0,10,50,0.014,7,500,0.1
fibonacci_numbers,avg,5,2.0,10,50,0.052,26,500,0.1
fibonacci_numbers,avg,5,5.0,10,50,0.142,71,500,0.1
fibonacci_numbers,avg,5,8.0,10,50,0.648,324,500,0.1
fibonacci_numbers,avg,5,11.0,10,50,0.202,101,500,0.1
fibonacci_numbers,avg,5,14.0,10,50,0.158,79,500,0.1
fibonacci_numbers,avg,5,17.0,10,50,0.082,41,500,0.1
fibonacci_numbers,avg,5,20.0,10,50,0.062,31,500,0.1
fibonacci_numbers,last,8,2.0,10,50,0.104,52,500,0.1
fibonacci_numbers,last,8,5.0,10,50,0.166,83,500,0.1
fibonacci_numbers,last,8,8.0,10,50,0.444,222,500,0.1
fibonacci_numbers,last,8,11.0,10,50,0.552,276,500,0.1
fibonacci_numbers,last,8,14.0,10,50,0.238,119,500,0.1
fibonacci_numbers,last,8,17.0,10,50,0.034,17,500,0.1
fibonacci_numbers,last,8,20.0,10,50,0.004,2,500,0.1
fibonacci_numbers,avg,8,2.0,10,50,0.126,63,500,0.1
fibonacci_numbers,avg,8,5.0,10,50,0.4,200,500,0.1
fibonacci_numbers,avg,8,8.0,10,50,0.556,278,500,0.1
fibonacci_numbers,avg,8,11.0,10,50,0.12,60,500,0.1
fibonacci_numbers,avg,8,14.0,10,50,0.022,11,500,0.1
fibonacci_numbers,avg,8,17.0,10,50,0.006,3,500,0.1
fibonacci_numbers,avg,8,20.0,10,50,0.002,1,500,0.1
fibonacci_numbers,last,11,2.0,10,50,0.104,52,500,0.1
fibonacci_numbers,last,11,5.0,10,50,0.098,49,500,0.1
fibonacci_numbers,last,11,8.0,10,50,0.046,23,500,0.1
fibonacci_numbers,last,11,11.0,10,50,0.008,4,500,0.1
fibonacci_numbers,last,11,14.0,10,50,0.002,1,500,0.1
fibonacci_numbers,last,11,17.0,10,50,0.0,0,500,0.1
fibonacci_numbers,last,11,20.0,10,50,0.0,0,500,0.1
fibonacci_numbers,avg,11,2.0,10,50,0.12,60,500,0.1
fibonacci_numbers,avg,11,5.0,10,50,0.146,73,500,0.1
fibonacci_numbers,avg,11,8.0,10,50,0.064,32,500,0.1
fibonacci_numbers,avg,11,11.0,10,50,0.018,9,500,0.1
fibonacci_numbers,avg,11,14.0,10,50,0.004,2,500,0.1
fibonacci_numbers,avg,11,17.0,10,50,0.002,1,500,0.1
fibonacci_numbers,avg,11,20.0,10,50,0.002,1,500,0.1
fibonacci_numbers,last,14,2.0,10,50,0.1,50,500,0.1
fibonacci_numbers,last,14,5.0,10,50,0.098,49,500,0.1
fibonacci_numbers,last,14,8.0,10,50,0.078,39,500,0.1
fibonacci_numbers,last,14,11.0,10,50,0.036,18,500,0.1
fibonacci_numbers,last,14,14.0,10,50,0.012,6,500,0.1
fibonacci_numbers,last,14,17.0,10,50,0.002,1,500,0.1
fibonacci_numbers,last,14,20.0,10,50,0.002,1,500,0.1
fibonacci_numbers,avg,14,2.0,10,50,0.096,48,500,0.1
fibonacci_numbers,avg,14,5.0,10,50,0.056,28,500,0.1
fibonacci_numbers,avg,14,8.0,10,50,0.028,14,500,0.1
fibonacci_numbers,avg,14,11.0,10,50,0.016,8,500,0.1
fibonacci_numbers,avg,14,14.0,10,50,0.0,0,500,0.1
fibonacci_numbers,avg,14,17.0,10,50,0.002,1,500,0.1
fibonacci_numbers,avg,14,20.0,10,50,0.0,0,500,0.1
fibonacci_numbers,last,17,2.0,10,50,0.106,53,500,0.1
fibonacci_numbers,last,17,5.0,10,50,0.108,54,500,0.1
fibonacci_numbers,last,17,8.0,10,50,0.086,43,500,0.1
fibonacci_numbers,last,17,11.0,10,50,0.074,37,500,0.1
fibonacci_numbers,last,17,14.0,10,50,0.04,20,500,0.1
fibonacci_numbers,last,17,17.0,10,50,0.03,15,500,0.1
fibonacci_numbers,last,17,20.0,10,50,0.044,22,500,0.1
fibonacci_numbers,avg,17,2.0,10,50,0.088,44,500,0.1
fibonacci_numbers,avg,17,5.0,10,50,0.082,41,500,0.1
fibonacci_numbers,avg,17,8.0,10,50,0.046,23,500,0.1
fibonacci_numbers,avg,17,11.0,10,50,0.03,15,500,0.1
fibonacci_numbers,avg,17,14.0,10,50,0.03,15,500,0.1
fibonacci_numbers,avg,17,17.0,10,50,0.022,11,500,0.1
fibonacci_numbers,avg,17,20.0,10,50,0.026,13,500,0.1
fibonacci_numbers,avg,20,2.0,10,50,0.092,46,500,0.1
fibonacci_numbers,avg,20,5.0,10,50,0.086,43,500,0.1
fibonacci_numbers,avg,20,8.0,10,50,0.056,28,500,0.1
fibonacci_numbers,avg,20,11.0,10,50,0.042,21,500,0.1
fibonacci_numbers,avg,20,14.0,10,50,0.03,15,500,0.1
fibonacci_numbers,avg,20,17.0,10,50,0.022,11,500,0.1
fibonacci_numbers,avg,20,20.0,10,50,0.02,10,500,0.1
fibonacci_numbers,last,20,2.0,10,50,0.094,47,500,0.1
fibonacci_numbers,last,20,5.0,10,50,0.08,40,500,0.1
fibonacci_numbers,last,20,8.0,10,50,0.058,29,500,0.1
fibonacci_numbers,last,20,11.0,10,50,0.05,25,500,0.1
fibonacci_numbers,last,20,14.0,10,50,0.046,23,500,0.1
fibonacci_numbers,last,20,17.0,10,50,0.022,11,500,0.1
fibonacci_numbers,last,20,20.0,10,50,0.016,8,500,0.1
recursion,last,0,2.0,10,50,0.1,50,500,0.1
recursion,last,0,5.0,10,50,0.1,50,500,0.1
recursion,last,0,8.0,10,50,0.1,50,500,0.1
recursion,last,0,11.0,10,50,0.1,50,500,0.1
recursion,last,0,14.0,10,50,0.1,50,500,0.1
recursion,last,0,17.0,10,50,0.1,50,500,0.1
recursion,last,0,20.0,10,50,0.1,50,500,0.1
recursion,avg,0,2.0,10,50,0.998,499,500,0.1
recursion,avg,0,5.0,10,50,0.772,386,500,0.1
recursion,avg,0,8.0,10,50,0.47,235,500,0.1
recursion,avg,0,11.0,10,50,0.116,58,500,0.1
recursion,avg,0,14.0,10,50,0.056,28,500,0.1
recursion,avg,0,17.0,10,50,0.062,31,500,0.1
recursion,avg,0,20.0,10,50,0.02,10,500,0.1
recursion,avg,1,2.0,10,50,0.992,496,500,0.1
recursion,avg,1,5.0,10,50,0.38,190,500,0.1
recursion,avg,1,8.0,10,50,0.034,17,500,0.1
recursion,avg,1,11.0,10,50,0.014,7,500,0.1
recursion,avg,1,14.0,10,50,0.06,30,500,0.1
recursion,avg,1,17.0,10,50,0.076,38,500,0.1
recursion,avg,1,20.0,10,50,0.084,42,500,0.1
recursion,last,1,2.0,10,50,0.6,300,500,0.1
recursion,last,1,5.0,10,50,0.84,420,500,0.1
recursion,last,1,8.0,10,50,0.03,15,500,0.1
recursion,last,1,11.0,10,50,0.028,14,500,0.1
recursion,last,1,14.0,10,50,0.2,100,500,0.1
recursion,last,1,17.0,10,50,0.126,63,500,0.1
recursion,last,1,20.0,10,50,0.028,14,500,0.1
recursion,last,2,2.0,10,50,0.238,119,500,0.1
recursion,last,2,5.0,10,50,1.0,500,500,0.1
recursion,last,2,8.0,10,50,0.218,109,500,0.1
recursion,last,2,11.0,10,50,0.192,96,500,0.1
recursion,last,2,14.0,10,50,0.18,90,500,0.1
recursion,last,2,17.0,10,50,0.174,87,500,0.1
recursion,last,2,20.0,10,50,0.164,82,500,0.1
recursion,avg,2,2.0,10,50,0.112,56,500,0.1
recursion,avg,2,5.0,10,50,0.994,497,500,0.1
recursion,avg,2,8.0,10,50,0.794,397,500,0.1
recursion,avg,2,11.0,10,50,0.27,135,500,0.1
recursion,avg,2,14.0,10,50,0.142,71,500,0.1
recursion,avg,2,17.0,10,50,0.058,29,500,0.1
recursion,avg,2,20.0,10,50,0.03,15,500,0.1
recursion,avg,3,2.0,10,50,0.058,29,500,0.1
recursion,avg,3,5.0,10,50,0.618,309,500,0.1
recursion,avg,3,8.0,10,50,0.846,423,500,0.1
recursion,avg,3,11.0,10,50,0.254,127,500,0.1
recursion,avg,3,14.0,10,50,0.074,37,500,0.1
recursion,avg,3,17.0,10,50,0.042,21,500,0.1
recursion,avg,3,20.0,10,50,0.032,16,500,0.1
recursion,last,3,2.0,10,50,0.148,74,500,0.1
recursion,last,3,5.0,10,50,0.958,479,500,0.1
recursion,last,3,8.0,10,50,0.954,477,500,0.1
recursion,last,3,11.0,10,50,0.142,71,500,0.1
recursion,last,3,14.0,10,50,0.016,8,500,0.1
recursion,last,3,17.0,10,50,0.016,8,500,0.1
recursion,last,3,20.0,10,50,0.018,9,500,0.1
recursion,last,4,2.0,10,50,0.108,54,500,0.1
recursion,last,4,5.0,10,50,0.592,296,500,0.1
recursion,last,4,8.0,10,50,0.94,470,500,0.1
recursion,last,4,11.0,10,50,0.738,369,500,0.1
recursion,last,4,14.0,10,50,0.38,190,500,0.1
recursion,last,4,17.0,10,50,0.21,105,500,0.1
recursion,last,4,20.0,10,50,0.124,62,500,0.1
recursion,avg,4,2.0,10,50,0.056,28,500,0.1
recursion,avg,4,5.0,10,50,0.208,104,500,0.1
recursion,avg,4,8.0,10,50,0.822,411,500,0.1
recursion,avg,4,11.0,10,50,0.342,171,500,0.1
recursion,avg,4,14.0,10,50,0.086,43,500,0.1
recursion,avg,4,17.0,10,50,0.046,23,500,0.1
recursion,avg,4,20.0,10,50,0.032,16,500,0.1
recursion,avg,5,2.0,10,50,0.056,28,500,0.1
recursion,avg,5,5.0,10,50,0.07,35,500,0.1
recursion,avg,5,8.0,10,50,0.442,221,500,0.1
recursion,avg,5,11.0,10,50,0.51,255,500,0.1
recursion,avg,5,14.0,10,50,0.11,55,500,0.1
recursion,avg,5,17.0,10,50,0.036,18,500,0.1
recursion,avg,5,20.0,10,50,0.006,3,500,0.1
recursion,last,5,2.0,10,50,0.144,72,500,0.1
recursion,last,5,5.0,10,50,0.682,341,500,0.1
recursion,last,5,8.0,10,50,0.984,492,500,0.1
recursion,last,5,11.0,10,50,0.738,369,500,0.1
recursion,last,5,14.0,10,50,0.256,128,500,0.1
recursion,last,5,17.0,10,50,0.112,56,500,0.1
recursion,last,5,20.0,10,50,0.066,33,500,0.1
recursion,avg,8,2.0,10,50,0.096,48,500,0.1
recursion,avg,8,5.0,10,50,0.11,55,500,0.1
recursion,avg,8,8.0,10,50,0.226,113,500,0.1
recursion,avg,8,11.0,10,50,0.04,20,500,0.1
recursion,avg,8,14.0,10,50,0.002,1,500,0.1
recursion,avg,8,17.0,10,50,0.0,0,500,0.1
recursion,avg,8,20.0,10,50,0.0,0,500,0.1
recursion,last,8,2.0,10,50,0.192,96,500,0.1
recursion,last,8,5.0,10,50,0.6,300,500,0.1
recursion,last,8,8.0,10,50,0.716,358,500,0.1
recursion,last,8,11.0,10,50,0.294,147,500,0.1
recursion,last,8,14.0,10,50,0.038,19,500,0.1
recursion,last,8,17.0,10,50,0.008,4,500,0.1
recursion,last,8,20.0,10,50,0.002,1,500,0.1
recursion,last,11,2.0,10,50,0.09,45,500,0.1
recursion,last,11,5.0,10,50,0.104,52,500,0.1
recursion,last,11,8.0,10,50,0.074,37,500,0.1
recursion,last,11,11.0,10,50,0.026,13,500,0.1
recursion,last,11,14.0,10,50,0.002,1,500,0.1
recursion,last,11,17.0,10,50,0.0,0,500,0.1
recursion,last,11,20.0,10,50,0.0,0,500,0.1
recursion,avg,11,2.0,10,50,0.11,55,500,0.1
recursion,avg,11,5.0,10,50,0.072,36,500,0.1
recursion,avg,11,8.0,10,50,0.03,15,500,0.1
recursion,avg,11,11.0,10,50,0.008,4,500,0.1
recursion,avg,11,14.0,10,50,0.0,0,500,0.1
recursion,avg,11,17.0,10,50,0.0,0,500,0.1
recursion,avg,11,20.0,10,50,0.0,0,500,0.1
recursion,avg,14,2.0,10,50,0.082,41,500,0.1
recursion,avg,14,5.0,10,50,0.046,23,500,0.1
recursion,avg,14,8.0,10,50,0.024,12,500,0.1
recursion,avg,14,11.0,10,50,0.0,0,500,0.1
recursion,avg,14,14.0,10,50,0.004,2,500,0.1
recursion,avg,14,17.0,10,50,0.002,1,500,0.1
recursion,avg,14,20.0,10,50,0.004,2,500,0.1
recursion,last,14,2.0,10,50,0.1,50,500,0.1
recursion,last,14,5.0,10,50,0.082,41,500,0.1
recursion,last,14,8.0,10,50,0.066,33,500,0.1
recursion,last,14,11.0,10,50,0.038,19,500,0.1
recursion,last,14,14.0,10,50,0.032,16,500,0.1
recursion,last,14,17.0,10,50,0.03,15,500,0.1
recursion,last,14,20.0,10,50,0.03,15,500,0.1
recursion,avg,17,2.0,10,50,0.084,42,500,0.1
recursion,avg,17,5.0,10,50,0.058,29,500,0.1
recursion,avg,17,8.0,10,50,0.036,18,500,0.1
recursion,avg,17,11.0,10,50,0.026,13,500,0.1
recursion,avg,17,14.0,10,50,0.022,11,500,0.1
recursion,avg,17,17.0,10,50,0.026,13,500,0.1
recursion,avg,17,20.0,10,50,0.016,8,500,0.1
recursion,last,17,2.0,10,50,0.102,51,500,0.1
recursion,last,17,5.0,10,50,0.096,48,500,0.1
recursion,last,17,8.0,10,50,0.08,40,500,0.1
recursion,last,17,11.0,10,50,0.048,24,500,0.1
recursion,last,17,14.0,10,50,0.06,30,500,0.1
recursion,last,17,17.0,10,50,0.046,23,500,0.1
recursion,last,17,20.0,10,50,0.038,19,500,0.1
recursion,avg,20,2.0,10,50,0.084,42,500,0.1
recursion,avg,20,5.0,10,50,0.046,23,500,0.1
recursion,avg,20,8.0,10,50,0.036,18,500,0.1
recursion,avg,20,11.0,10,50,0.024,12,500,0.1
recursion,avg,20,14.0,10,50,0.02,10,500,0.1
recursion,avg,20,17.0,10,50,0.018,9,500,0.1
recursion,avg,20,20.0,10,50,0.022,11,500,0.1
recursion,last,20,2.0,10,50,0.102,51,500,0.1
recursion,last,20,5.0,10,50,0.098,49,500,0.1
recursion,last,20,8.0,10,50,0.092,46,500,0.1
recursion,last,20,11.0,10,50,0.076,38,500,0.1
recursion,last,20,14.0,10,50,0.072,36,500,0.1
recursion,last,20,17.0,10,50,0.054,27,500,0.1
recursion,last,20,20.0,10,50,0.06,30,500,0.1
shutdown,avg,0,2.0,10,50,0.982,491,500,0.1
shutdown,avg,0,5.0,10,50,0.546,273,500,0.1
shutdown,avg,0,8.0,10,50,0.254,127,500,0.1
shutdown,avg,0,11.0,10,50,0.326,163,500,0.1
shutdown,avg,0,14.0,10,50,0.16,80,500,0.1
shutdown,avg,0,17.0,10,50,0.054,27,500,0.1
shutdown,avg,0,20.0,10,50,0.022,11,500,0.1
shutdown,last,0,2.0,10,50,0.1,50,500,0.1
shutdown,last,0,5.0,10,50,0.1,50,500,0.1
shutdown,last,0,8.0,10,50,0.1,50,500,0.1
shutdown,last,0,11.0,10,50,0.1,50,500,0.1
shutdown,last,0,14.0,10,50,0.1,50,500,0.1
shutdown,last,0,17.0,10,50,0.1,50,500,0.1
shutdown,last,0,20.0,10,50,0.1,50,500,0.1
shutdown,last,1,2.0,10,50,0.722,361,500,0.1
shutdown,last,1,5.0,10,50,0.232,116,500,0.1
shutdown,last,1,8.0,10,50,0.0,0,500,0.1
shutdown,last,1,11.0,10,50,0.002,1,500,0.1
shutdown,last,1,14.0,10,50,0.032,16,500,0.1
shutdown,last,1,17.0,10,50,0.038,19,500,0.1
shutdown,last,1,20.0,10,50,0.064,32,500,0.1
shutdown,avg,1,2.0,10,50,0.772,386,500,0.1
shutdown,avg,1,5.0,10,50,0.448,224,500,0.1
shutdown,avg,1,8.0,10,50,0.184,92,500,0.1
shutdown,avg,1,11.0,10,50,0.434,217,500,0.1
shutdown,avg,1,14.0,10,50,0.498,249,500,0.1
shutdown,avg,1,17.0,10,50,0.65,325,500,0.1
shutdown,avg,1,20.0,10,50,0.74,370,500,0.1
shutdown,last,2,2.0,10,50,0.3,150,500,0.1
shutdown,last,2,5.0,10,50,0.468,234,500,0.1
shutdown,last,2,8.0,10,50,0.192,96,500,0.1
shutdown,last,2,11.0,10,50,0.07,35,500,0.1
shutdown,last,2,14.0,10,50,0.0,0,500,0.1
shutdown,last,2,17.0,10,50,0.006,3,500,0.1
shutdown,last,2,20.0,10,50,0.006,3,500,0.1
shutdown,avg,2,2.0,10,50,0.128,64,500,0.1
shutdown,avg,2,5.0,10,50,1.0,500,500,0.1
shutdown,avg,2,8.0,10,50,0.54,270,500,0.1
shutdown,avg,2,11.0,10,50,0.246,123,500,0.1
shutdown,avg,2,14.0,10,50,0.1,50,500,0.1
shutdown,avg,2,17.0,10,50,0.062,31,500,0.1
shutdown,avg,2,20.0,10,50,0.054,27,500,0.1
shutdown,last,3,2.0,10,50,0.158,79,500,0.1
shutdown,last,3,5.0,10,50,0.85,425,500,0.1
shutdown,last,3,8.0,10,50,0.21,105,500,0.1
shutdown,last,3,11.0,10,50,0.01,5,500,0.1
shutdown,last,3,14.0,10,50,0.0,0,500,0.1
shutdown,last,3,17.0,10,50,0.0,0,500,0.1
shutdown,last,3,20.0,10,50,0.008,4,500,0.1
shutdown,avg,3,2.0,10,50,0.05,25,500,0.1
shutdown,avg,3,5.0,10,50,0.482,241,500,0.1
shutdown,avg,3,8.0,10,50,0.72,360,500,0.1
shutdown,avg,3,11.0,10,50,0.236,118,500,0.1
shutdown,avg,3,14.0,10,50,0.098,49,500,0.1
shutdown,avg,3,17.0,10,50,0.048,24,500,0.1
shutdown,avg,3,20.0,10,50,0.024,12,500,0.1
shutdown,last,4,2.0,10,50,0.076,38,500,0.1
shutdown,last,4,5.0,10,50,0.564,282,500,0.1
shutdown,last,4,8.0,10,50,0.392,196,500,0.1
shutdown,last,4,11.0,10,50,0.224,112,500,0.1
shutdown,last,4,14.0,10,50,0.132,66,500,0.1
shutdown,last,4,17.0,10,50,0.022,11,500,0.1
shutdown,last,4,20.0,10,50,0.006,3,500,0.1
shutdown,avg,4,2.0,10,50,0.054,27,500,0.1
shutdown,avg,4,5.0,10,50,0.19,95,500,0.1
shutdown,avg,4,8.0,10,50,0.814,407,500,0.1
shutdown,avg,4,11.0,10,50,0.272,136,500,0.1
shutdown,avg,4,14.0,10,50,0.102,51,500,0.1
shutdown,avg,4,17.0,10,50,0.058,29,500,0.1
shutdown,avg,4,20.0,10,50,0.03,15,500,0.1
shutdown,last,5,2.0,10,50,0.096,48,500,0.1
shutdown,last,5,5.0,10,50,0.544,272,500,0.1
shutdown,last,5,8.0,10,50,0.58,290,500,0.1
shutdown,last,5,11.0,10,50,0.282,141,500,0.1
shutdown,last,5,14.0,10,50,0.242,121,500,0.1
shutdown,last,5,17.0,10,50,0.114,57,500,0.1
shutdown,last,5,20.0,10,50,0.034,17,500,0.1
shutdown,avg,5,2.0,10,50,0.058,29,500,0.1
shutdown,avg,5,5.0,10,50,0.088,44,500,0.1
shutdown,avg,5,8.0,10,50,0.468,234,500,0.1
shutdown,avg,5,11.0,10,50,0.284,142,500,0.1
shutdown,avg,5,14.0,10,50,0.096,48,500,0.1
shutdown,avg,5,17.0,10,50,0.02,10,500,0.1
shutdown,avg,5,20.0,10,50,0.022,11,500,0.1
shutdown,avg,8,2.0,10,50,0.066,33,500,0.1
shutdown,avg,8,5.0,10,50,0.052,26,500,0.1
shutdown,avg,8,8.0,10,50,0.034,17,500,0.1
shutdown,avg,8,11.0,10,50,0.006,3,500,0.1
shutdown,avg,8,14.0,10,50,0.002,1,500,0.1
shutdown,avg,8,17.0,10,50,0.0,0,500,0.1
shutdown,avg,8,20.0,10,50,0.004,2,500,0.1
shutdown,last,8,2.0,10,50,0.146,73,500,0.1
shutdown,last,8,5.0,10,50,0.566,283,500,0.1
shutdown,last,8,8.0,10,50,0.88,440,500,0.1
shutdown,last,8,11.0,10,50,0.448,224,500,0.1
shutdown,last,8,14.0,10,50,0.188,94,500,0.1
shutdown,last,8,17.0,10,50,0.1,50,500,0.1
shutdown,last,8,20.0,10,50,0.094,47,500,0.1
shutdown,last,11,2.0,10,50,0.1,50,500,0.1
shutdown,last,11,5.0,10,50,0.07,35,500,0.1
shutdown,last,11,8.0,10,50,0.028,14,500,0.1
shutdown,last,11,11.0,10,50,0.014,7,500,0.1
shutdown,last,11,14.0,10,50,0.004,2,500,0.1
shutdown,last,11,17.0,10,50,0.0,0,500,0.1
shutdown,last,11,20.0,10,50,0.0,0,500,0.1
shutdown,avg,11,2.0,10,50,0.068,34,500,0.1
shutdown,avg,11,5.0,10,50,0.026,13,500,0.1
shutdown,avg,11,8.0,10,50,0.006,3,500,0.1
shutdown,avg,11,11.0,10,50,0.0,0,500,0.1
shutdown,avg,11,14.0,10,50,0.004,2,500,0.1
shutdown,avg,11,17.0,10,50,0.002,1,500,0.1
shutdown,avg,11,20.0,10,50,0.0,0,500,0.1
shutdown,avg,14,2.0,10,50,0.074,37,500,0.1
shutdown,avg,14,5.0,10,50,0.032,16,500,0.1
shutdown,avg,14,8.0,10,50,0.004,2,500,0.1
shutdown,avg,14,11.0,10,50,0.004,2,500,0.1
shutdown,avg,14,14.0,10,50,0.002,1,500,0.1
shutdown,avg,14,17.0,10,50,0.004,2,500,0.1
shutdown,avg,14,20.0,10,50,0.0,0,500,0.1
shutdown,last,14,2.0,10,50,0.172,86,500,0.1
shutdown,last,14,5.0,10,50,0.298,149,500,0.1
shutdown,last,14,8.0,10,50,0.394,197,500,0.1
shutdown,last,14,11.0,10,50,0.314,157,500,0.1
shutdown,last,14,14.0,10,50,0.294,147,500,0.1
shutdown,last,14,17.0,10,50,0.192,96,500,0.1
shutdown,last,14,20.0,10,50,0.112,56,500,0.1
shutdown,avg,17,2.0,10,50,0.088,44,500,0.1
shutdown,avg,17,5.0,10,50,0.062,31,500,0.1
shutdown,avg,17,8.0,10,50,0.042,21,500,0.1
shutdown,avg,17,11.0,10,50,0.038,19,500,0.1
shutdown,avg,17,14.0,10,50,0.026,13,500,0.1
shutdown,avg,17,17.0,10,50,0.02,10,500,0.1
shutdown,avg,17,20.0,10,50,0.014,7,500,0.1
shutdown,last,17,2.0,10,50,0.114,57,500,0.1
shutdown,last,17,5.0,10,50,0.124,62,500,0.1
shutdown,last,17,8.0,10,50,0.12,60,500,0.1
shutdown,last,17,11.0,10,50,0.11,55,500,0.1
shutdown,last,17,14.0,10,50,0.076,38,500,0.1
shutdown,last,17,17.0,10,50,0.07,35,500,0.1
shutdown,last,17,20.0,10,50,0.044,22,500,0.1
shutdown,last,20,2.0,10,50,0.102,51,500,0.1
shutdown,last,20,5.0,10,50,0.1,50,500,0.1
shutdown,last,20,8.0,10,50,0.084,42,500,0.1
shutdown,last,20,11.0,10,50,0.096,48,500,0.1
shutdown,last,20,14.0,10,50,0.064,32,500,0.1
shutdown,last,20,17.0,10,50,0.048,24,500,0.1
shutdown,last,20,20.0,10,50,0.036,18,500,0.1
shutdown,avg,20,2.0,10,50,0.086,43,500,0.1
shutdown,avg,20,5.0,10,50,0.072,36,500,0.1
shutdown,avg,20,8.0,10,50,0.06,30,500,0.1
shutdown,avg,20,11.0,10,50,0.04,20,500,0.1
shutdown,avg,20,14.0,10,50,0.036,18,500,0.1
shutdown,avg,20,17.0,10,50,0.022,11,500,0.1
shutdown,avg,20,20.0,10,50,0.02,10,500,0.1
